sample_number,accepted_temperature_c,sensor_status,measured_value,predicted_temperature_c,predicted_value,difference,absolute_difference
1,23.715,OK,23.715,22.005,22.005,1.7100000000000009,1.7100000000000009
2,23.805,OK,23.805,22.011,22.011,1.7940000000000005,1.7940000000000005
3,24.087,OK,24.087,22.016,22.016,2.0710000000000015,2.0710000000000015
4,23.982,OK,23.982,22.021,22.021,1.9609999999999985,1.9609999999999985
5,24.044,OK,24.044,22.026,22.026,2.0180000000000007,2.0180000000000007
6,23.873,OK,23.873,22.032,22.032,1.841000000000001,1.841000000000001
7,23.734,OK,23.734,22.037,22.037,1.6970000000000027,1.6970000000000027
8,23.49,OK,23.49,22.042,22.042,1.4479999999999968,1.4479999999999968
9,23.666,OK,23.666,22.048,22.048,1.618000000000002,1.618000000000002
10,23.972,OK,23.972,22.053,22.053,1.9190000000000005,1.9190000000000005
11,23.505,OK,23.505,22.058,22.058,1.4469999999999992,1.4469999999999992
12,23.654,OK,23.654,22.063,22.063,1.591000000000001,1.591000000000001
13,23.832,OK,23.832,22.069,22.069,1.7630000000000017,1.7630000000000017
14,23.649,OK,23.649,22.074,22.074,1.5749999999999993,1.5749999999999993
15,23.926,OK,23.926,22.079,22.079,1.8469999999999978,1.8469999999999978
16,23.719,OK,23.719,22.084,22.084,1.6350000000000016,1.6350000000000016
17,23.815,OK,23.815,22.089,22.089,1.7260000000000026,1.7260000000000026
18,23.421,OK,23.421,22.095,22.095,1.3260000000000005,1.3260000000000005
19,24.043,OK,24.043,22.1,22.1,1.9429999999999978,1.9429999999999978
20,23.954,OK,23.954,22.105,22.105,1.8490000000000002,1.8490000000000002
21,23.793,OK,23.793,22.11,22.11,1.6829999999999998,1.6829999999999998
22,24.102,OK,24.102,22.115,22.115,1.9870000000000019,1.9870000000000019
23,24.004,OK,24.004,22.12,22.12,1.8840000000000003,1.8840000000000003
24,23.73,OK,23.73,22.125,22.125,1.6050000000000004,1.6050000000000004
25,23.724,OK,23.724,22.13,22.13,1.5940000000000012,1.5940000000000012
26,24.066,OK,24.066,22.136,22.136,1.9299999999999997,1.9299999999999997
27,24.295,OK,24.295,22.141,22.141,2.1540000000000035,2.1540000000000035
28,23.945,OK,23.945,22.146,22.146,1.7989999999999995,1.7989999999999995
29,24.014,OK,24.014,22.151,22.151,1.8629999999999995,1.8629999999999995
30,23.996,OK,23.996,22.156,22.156,1.8399999999999999,1.8399999999999999
31,24.096,OK,24.096,22.161,22.161,1.9349999999999987,1.9349999999999987
32,23.864,OK,23.864,22.165,22.165,1.6990000000000016,1.6990000000000016
33,23.791,OK,23.791,22.17,22.17,1.6209999999999987,1.6209999999999987
34,23.876,OK,23.876,22.175,22.175,1.7010000000000005,1.7010000000000005
35,23.879,OK,23.879,22.18,22.18,1.6990000000000016,1.6990000000000016
36,23.701,OK,23.701,22.185,22.185,1.5160000000000018,1.5160000000000018
37,23.8,OK,23.8,22.19,22.19,1.6099999999999994,1.6099999999999994
38,23.966,OK,23.966,22.195,22.195,1.7710000000000008,1.7710000000000008
39,23.969,OK,23.969,22.199,22.199,1.7699999999999996,1.7699999999999996
40,23.851,OK,23.851,22.204,22.204,1.6469999999999985,1.6469999999999985
41,23.94,OK,23.94,22.209,22.209,1.7310000000000016,1.7310000000000016
42,23.938,OK,23.938,22.213,22.213,1.7249999999999979,1.7249999999999979
43,24.326,OK,24.326,22.218,22.218,2.1080000000000005,2.1080000000000005
44,24.054,OK,24.054,22.223,22.223,1.8309999999999995,1.8309999999999995
45,23.818,OK,23.818,22.227,22.227,1.591000000000001,1.591000000000001
46,24.114,OK,24.114,22.232,22.232,1.8820000000000014,1.8820000000000014
47,24.141,OK,24.141,22.236,22.236,1.9049999999999976,1.9049999999999976
48,24.001,OK,24.001,22.241,22.241,1.7600000000000016,1.7600000000000016
49,24.386,OK,24.386,22.245,22.245,2.1409999999999982,2.1409999999999982
50,23.569,OK,23.569,22.25,22.25,1.318999999999999,1.318999999999999
51,23.987,OK,23.987,22.254,22.254,1.732999999999997,1.732999999999997
52,24.465,OK,24.465,22.258,22.258,2.2070000000000007,2.2070000000000007
53,24.016,OK,24.016,22.263,22.263,1.7529999999999966,1.7529999999999966
54,24.012,OK,24.012,22.267,22.267,1.745000000000001,1.745000000000001
55,23.793,OK,23.793,22.271,22.271,1.5219999999999985,1.5219999999999985
56,23.922,OK,23.922,22.275,22.275,1.647000000000002,1.647000000000002
57,24.361,OK,24.361,22.28,22.28,2.0809999999999995,2.0809999999999995
58,24.198,OK,24.198,22.284,22.284,1.9140000000000015,1.9140000000000015
59,23.799,OK,23.799,22.288,22.288,1.5109999999999992,1.5109999999999992
60,24.136,OK,24.136,22.292,22.292,1.8439999999999976,1.8439999999999976
61,24.436,OK,24.436,22.296,22.296,2.1400000000000006,2.1400000000000006
62,24.054,OK,24.054,22.3,22.3,1.7539999999999978,1.7539999999999978
63,24.099,OK,24.099,22.304,22.304,1.7950000000000017,1.7950000000000017
64,24.109,OK,24.109,22.308,22.308,1.801000000000002,1.801000000000002
65,23.921,OK,23.921,22.312,22.312,1.6089999999999982,1.6089999999999982
66,24.535,OK,24.535,22.315,22.315,2.219999999999999,2.219999999999999
67,24.165,OK,24.165,22.319,22.319,1.846,1.846
68,23.639,OK,23.639,22.323,22.323,1.315999999999999,1.315999999999999
69,24.207,OK,24.207,22.326,22.326,1.8810000000000002,1.8810000000000002
70,23.829,OK,23.829,22.33,22.33,1.4990000000000023,1.4990000000000023
71,23.951,OK,23.951,22.334,22.334,1.6170000000000009,1.6170000000000009
72,24.281,OK,24.281,22.337,22.337,1.943999999999999,1.943999999999999
73,24.04,OK,24.04,22.341,22.341,1.698999999999998,1.698999999999998
74,23.877,OK,23.877,22.344,22.344,1.5329999999999977,1.5329999999999977
75,24.066,OK,24.066,22.348,22.348,1.718,1.718
76,24.079,OK,24.079,22.351,22.351,1.7280000000000015,1.7280000000000015
77,23.793,OK,23.793,22.354,22.354,1.439,1.439
78,24.167,OK,24.167,22.357,22.357,1.8100000000000023,1.8100000000000023
79,23.997,OK,23.997,22.361,22.361,1.6359999999999992,1.6359999999999992
80,24.168,OK,24.168,22.364,22.364,1.8039999999999985,1.8039999999999985
81,24.409,OK,24.409,22.367,22.367,2.041999999999998,2.041999999999998
82,23.959,OK,23.959,22.37,22.37,1.5889999999999986,1.5889999999999986
83,23.995,OK,23.995,22.373,22.373,1.6219999999999999,1.6219999999999999
84,24.24,OK,24.24,22.376,22.376,1.8639999999999972,1.8639999999999972
85,24.324,OK,24.324,22.379,22.379,1.9450000000000003,1.9450000000000003
86,24.234,OK,24.234,22.381,22.381,1.8530000000000015,1.8530000000000015
87,23.951,OK,23.951,22.384,22.384,1.5670000000000002,1.5670000000000002
88,23.916,OK,23.916,22.387,22.387,1.529,1.529
89,24.26,OK,24.26,22.39,22.39,1.870000000000001,1.870000000000001
90,24.263,OK,24.263,22.392,22.392,1.8710000000000022,1.8710000000000022
91,24.056,OK,24.056,22.395,22.395,1.6610000000000014,1.6610000000000014
92,23.784,OK,23.784,22.397,22.397,1.3870000000000005,1.3870000000000005
93,24.27,OK,24.27,22.4,22.4,1.870000000000001,1.870000000000001
94,24.069,OK,24.069,22.402,22.402,1.666999999999998,1.666999999999998
95,24.198,OK,24.198,22.405,22.405,1.7929999999999993,1.7929999999999993
96,23.877,OK,23.877,22.407,22.407,1.4699999999999989,1.4699999999999989
97,23.737,OK,23.737,22.409,22.409,1.3279999999999994,1.3279999999999994
98,24.379,OK,24.379,22.411,22.411,1.968,1.968
99,23.678,OK,23.678,22.413,22.413,1.2650000000000006,1.2650000000000006
100,23.968,OK,23.968,22.415,22.415,1.5530000000000008,1.5530000000000008
101,24.173,OK,24.173,22.417,22.417,1.7559999999999967,1.7559999999999967
102,24.122,OK,24.122,22.419,22.419,1.7029999999999994,1.7029999999999994
103,24.305,OK,24.305,22.421,22.421,1.8840000000000003,1.8840000000000003
104,23.879,OK,23.879,22.423,22.423,1.456000000000003,1.456000000000003
105,24.254,OK,24.254,22.425,22.425,1.8290000000000006,1.8290000000000006
106,24.02,OK,24.02,22.427,22.427,1.593,1.593
107,24.138,OK,24.138,22.428,22.428,1.7100000000000009,1.7100000000000009
108,24.441,OK,24.441,22.43,22.43,2.0109999999999992,2.0109999999999992
109,24.273,OK,24.273,22.431,22.431,1.8419999999999987,1.8419999999999987
110,24.405,OK,24.405,22.433,22.433,1.9720000000000013,1.9720000000000013
111,24.138,OK,24.138,22.434,22.434,1.7040000000000006,1.7040000000000006
112,24.47,OK,24.47,22.436,22.436,2.033999999999999,2.033999999999999
113,24.257,OK,24.257,22.437,22.437,1.8200000000000003,1.8200000000000003
114,23.808,OK,23.808,22.438,22.438,1.370000000000001,1.370000000000001
115,24.173,OK,24.173,22.439,22.439,1.7339999999999982,1.7339999999999982
116,24.318,OK,24.318,22.44,22.44,1.8780000000000001,1.8780000000000001
117,24.108,OK,24.108,22.442,22.442,1.6660000000000004,1.6660000000000004
118,24.732,OK,24.732,22.443,22.443,2.288999999999998,2.288999999999998
119,24.693,OK,24.693,22.443,22.443,2.25,2.25
120,24.301,OK,24.301,22.444,22.444,1.8569999999999993,1.8569999999999993
121,24.15,OK,24.15,22.445,22.445,1.7049999999999983,1.7049999999999983
122,23.933,OK,23.933,22.446,22.446,1.4869999999999983,1.4869999999999983
123,24.247,OK,24.247,22.447,22.447,1.8000000000000007,1.8000000000000007
124,24.036,OK,24.036,22.447,22.447,1.5890000000000022,1.5890000000000022
125,24.129,OK,24.129,22.448,22.448,1.681000000000001,1.681000000000001
126,24.377,OK,24.377,22.448,22.448,1.9289999999999985,1.9289999999999985
127,24.314,OK,24.314,22.449,22.449,1.8649999999999984,1.8649999999999984
128,24.523,OK,24.523,22.449,22.449,2.073999999999998,2.073999999999998
129,24.129,OK,24.129,22.449,22.449,1.6799999999999997,1.6799999999999997
130,24.025,OK,24.025,22.45,22.45,1.5749999999999993,1.5749999999999993
131,24.234,OK,24.234,22.45,22.45,1.7840000000000025,1.7840000000000025
132,24.517,OK,24.517,22.45,22.45,2.067,2.067
133,23.923,OK,23.923,22.45,22.45,1.472999999999999,1.472999999999999
134,23.666,OK,23.666,22.45,22.45,1.216000000000001,1.216000000000001
135,24.28,OK,24.28,22.45,22.45,1.8300000000000018,1.8300000000000018
136,24.382,OK,24.382,22.45,22.45,1.9320000000000022,1.9320000000000022
137,24.277,OK,24.277,22.45,22.45,1.8270000000000017,1.8270000000000017
138,24.361,OK,24.361,22.449,22.449,1.911999999999999,1.911999999999999
139,24.177,OK,24.177,22.449,22.449,1.727999999999998,1.727999999999998
140,24.196,OK,24.196,22.449,22.449,1.7469999999999999,1.7469999999999999
141,24.04,OK,24.04,22.448,22.448,1.5919999999999987,1.5919999999999987
142,23.757,OK,23.757,22.448,22.448,1.309000000000001,1.309000000000001
143,23.894,OK,23.894,22.447,22.447,1.4469999999999992,1.4469999999999992
144,24.429,OK,24.429,22.447,22.447,1.9819999999999993,1.9819999999999993
145,24.142,OK,24.142,22.446,22.446,1.695999999999998,1.695999999999998
146,24.249,OK,24.249,22.445,22.445,1.8039999999999985,1.8039999999999985
147,24.285,OK,24.285,22.444,22.444,1.841000000000001,1.841000000000001
148,24.578,OK,24.578,22.443,22.443,2.134999999999998,2.134999999999998
149,24.131,OK,24.131,22.443,22.443,1.6879999999999988,1.6879999999999988
150,24.533,OK,24.533,22.442,22.442,2.091000000000001,2.091000000000001
151,23.918,OK,23.918,22.441,22.441,1.4770000000000003,1.4770000000000003
152,24.042,OK,24.042,22.439,22.439,1.6030000000000015,1.6030000000000015
153,24.207,OK,24.207,22.438,22.438,1.769000000000002,1.769000000000002
154,24.23,OK,24.23,22.437,22.437,1.7929999999999993,1.7929999999999993
155,24.19,OK,24.19,22.436,22.436,1.7540000000000013,1.7540000000000013
156,24.338,OK,24.338,22.434,22.434,1.904,1.904
157,24.416,OK,24.416,22.433,22.433,1.9830000000000005,1.9830000000000005
158,23.984,OK,23.984,22.431,22.431,1.5530000000000008,1.5530000000000008
159,24.201,OK,24.201,22.43,22.43,1.7710000000000008,1.7710000000000008
160,24.241,OK,24.241,22.428,22.428,1.8129999999999988,1.8129999999999988
161,24.258,OK,24.258,22.427,22.427,1.8309999999999995,1.8309999999999995
162,24.029,OK,24.029,22.425,22.425,1.6039999999999992,1.6039999999999992
163,24.347,OK,24.347,22.423,22.423,1.924000000000003,1.924000000000003
164,24.177,OK,24.177,22.421,22.421,1.7560000000000002,1.7560000000000002
165,24.05,OK,24.05,22.419,22.419,1.6310000000000002,1.6310000000000002
166,24.308,OK,24.308,22.418,22.418,1.8900000000000006,1.8900000000000006
167,24.427,OK,24.427,22.416,22.416,2.0109999999999992,2.0109999999999992
168,23.789,OK,23.789,22.413,22.413,1.3760000000000012,1.3760000000000012
169,23.923,OK,23.923,22.411,22.411,1.511999999999997,1.511999999999997
175,24.218,OK,24.218,22.397,22.397,1.8210000000000015,1.8210000000000015
176,24.094,OK,24.094,22.395,22.395,1.6990000000000016,1.6990000000000016
177,23.941,OK,23.941,22.392,22.392,1.5489999999999995,1.5489999999999995
178,24.188,OK,24.188,22.39,22.39,1.7979999999999983,1.7979999999999983
179,24.544,OK,24.544,22.387,22.387,2.157,2.157
180,23.739,OK,23.739,22.384,22.384,1.3550000000000004,1.3550000000000004
181,23.532,OK,23.532,22.382,22.382,1.1499999999999986,1.1499999999999986
182,24.062,OK,24.062,22.379,22.379,1.6829999999999998,1.6829999999999998
183,24.198,OK,24.198,22.376,22.376,1.8219999999999992,1.8219999999999992
184,24.128,OK,24.128,22.373,22.373,1.754999999999999,1.754999999999999
185,24.262,OK,24.262,22.37,22.37,1.8919999999999995,1.8919999999999995
186,23.88,OK,23.88,22.367,22.367,1.5129999999999981,1.5129999999999981
187,24.169,OK,24.169,22.364,22.364,1.8049999999999997,1.8049999999999997
188,23.86,OK,23.86,22.361,22.361,1.4989999999999988,1.4989999999999988
189,23.968,OK,23.968,22.357,22.357,1.6110000000000007,1.6110000000000007
190,23.703,OK,23.703,22.354,22.354,1.3490000000000002,1.3490000000000002
191,23.917,OK,23.917,22.351,22.351,1.5660000000000025,1.5660000000000025
192,24.225,OK,24.225,22.348,22.348,1.8770000000000024,1.8770000000000024
193,24.088,OK,24.088,22.344,22.344,1.7439999999999998,1.7439999999999998
194,24.53,OK,24.53,22.341,22.341,2.189,2.189
195,24.051,OK,24.051,22.337,22.337,1.7139999999999986,1.7139999999999986
196,23.961,OK,23.961,22.334,22.334,1.626999999999999,1.626999999999999
197,24.061,OK,24.061,22.33,22.33,1.7310000000000016,1.7310000000000016
198,24.095,OK,24.095,22.327,22.327,1.7679999999999971,1.7679999999999971
199,24.182,OK,24.182,22.323,22.323,1.8589999999999982,1.8589999999999982
200,23.326,OK,23.326,22.319,22.319,1.0070000000000014,1.0070000000000014
201,23.949,OK,23.949,22.315,22.315,1.6340000000000003,1.6340000000000003
202,24.046,OK,24.046,22.312,22.312,1.7339999999999982,1.7339999999999982
203,23.815,OK,23.815,22.308,22.308,1.5070000000000014,1.5070000000000014
204,23.907,OK,23.907,22.304,22.304,1.6030000000000015,1.6030000000000015
205,24.249,OK,24.249,22.3,22.3,1.948999999999998,1.948999999999998
206,23.786,OK,23.786,22.296,22.296,1.490000000000002,1.490000000000002
207,24.059,OK,24.059,22.292,22.292,1.7669999999999995,1.7669999999999995
208,23.978,OK,23.978,22.288,22.288,1.6900000000000013,1.6900000000000013
209,24.491,OK,24.491,22.284,22.284,2.2070000000000007,2.2070000000000007
210,23.936,OK,23.936,22.28,22.28,1.6559999999999988,1.6559999999999988
211,24.242,OK,24.242,22.276,22.276,1.966000000000001,1.966000000000001
212,23.893,OK,23.893,22.271,22.271,1.6219999999999999,1.6219999999999999
213,24.227,OK,24.227,22.267,22.267,1.9600000000000009,1.9600000000000009
214,24.364,OK,24.364,22.263,22.263,2.100999999999999,2.100999999999999
215,24.044,OK,24.044,22.259,22.259,1.7850000000000001,1.7850000000000001
216,23.922,OK,23.922,22.254,22.254,1.6679999999999993,1.6679999999999993
217,23.882,OK,23.882,22.25,22.25,1.6320000000000014,1.6320000000000014
218,24.449,OK,24.449,22.245,22.245,2.2040000000000006,2.2040000000000006
219,23.889,OK,23.889,22.241,22.241,1.6479999999999997,1.6479999999999997
220,24.282,OK,24.282,22.236,22.236,2.0459999999999994,2.0459999999999994
221,24.167,OK,24.167,22.232,22.232,1.9350000000000023,1.9350000000000023
222,23.956,OK,23.956,22.227,22.227,1.7289999999999992,1.7289999999999992
223,24.278,OK,24.278,22.223,22.223,2.0549999999999997,2.0549999999999997
224,23.895,OK,23.895,22.218,22.218,1.6769999999999996,1.6769999999999996
225,23.961,OK,23.961,22.214,22.214,1.7469999999999999,1.7469999999999999
226,23.614,OK,23.614,22.209,22.209,1.4050000000000011,1.4050000000000011
227,23.781,OK,23.781,22.204,22.204,1.5769999999999982,1.5769999999999982
228,23.893,OK,23.893,22.199,22.199,1.693999999999999,1.693999999999999
229,23.609,OK,23.609,22.195,22.195,1.4140000000000015,1.4140000000000015
230,24.167,OK,24.167,22.19,22.19,1.9770000000000003,1.9770000000000003
231,24.089,OK,24.089,22.185,22.185,1.904,1.904
232,23.892,OK,23.892,22.18,22.18,1.7119999999999997,1.7119999999999997
233,23.79,OK,23.79,22.175,22.175,1.6149999999999984,1.6149999999999984
234,23.604,OK,23.604,22.171,22.171,1.4329999999999998,1.4329999999999998
235,23.876,OK,23.876,22.166,22.166,1.7100000000000009,1.7100000000000009
236,23.796,OK,23.796,22.161,22.161,1.634999999999998,1.634999999999998
237,23.984,OK,23.984,22.156,22.156,1.828000000000003,1.828000000000003
238,23.783,OK,23.783,22.151,22.151,1.6320000000000014,1.6320000000000014
239,23.985,OK,23.985,22.146,22.146,1.8389999999999986,1.8389999999999986
240,24.065,OK,24.065,22.141,22.141,1.924000000000003,1.924000000000003
241,24.067,OK,24.067,22.136,22.136,1.931000000000001,1.931000000000001
242,23.686,OK,23.686,22.131,22.131,1.5549999999999997,1.5549999999999997
243,23.64,OK,23.64,22.126,22.126,1.5139999999999993,1.5139999999999993
244,23.746,OK,23.746,22.12,22.12,1.6259999999999977,1.6259999999999977
245,23.684,OK,23.684,22.115,22.115,1.5690000000000026,1.5690000000000026
246,24.146,OK,24.146,22.11,22.11,2.0360000000000014,2.0360000000000014
247,23.847,OK,23.847,22.105,22.105,1.7420000000000009,1.7420000000000009
248,23.933,OK,23.933,22.1,22.1,1.8329999999999984,1.8329999999999984
249,24.116,OK,24.116,22.095,22.095,2.021000000000001,2.021000000000001
250,23.682,OK,23.682,22.09,22.09,1.5919999999999987,1.5919999999999987
251,23.757,OK,23.757,22.084,22.084,1.6730000000000018,1.6730000000000018
252,23.793,OK,23.793,22.079,22.079,1.7139999999999986,1.7139999999999986
253,23.709,OK,23.709,22.074,22.074,1.634999999999998,1.634999999999998
254,23.845,OK,23.845,22.069,22.069,1.7759999999999998,1.7759999999999998
255,23.616,OK,23.616,22.064,22.064,1.5519999999999996,1.5519999999999996
256,23.713,OK,23.713,22.058,22.058,1.6550000000000011,1.6550000000000011
257,23.947,OK,23.947,22.053,22.053,1.8939999999999984,1.8939999999999984
258,23.975,OK,23.975,22.048,22.048,1.9270000000000032,1.9270000000000032
259,24.06,OK,24.06,22.042,22.042,2.017999999999997,2.017999999999997
260,23.763,OK,23.763,22.037,22.037,1.7260000000000026,1.7260000000000026
261,23.987,OK,23.987,22.032,22.032,1.9549999999999983,1.9549999999999983
262,23.64,OK,23.64,22.027,22.027,1.6129999999999995,1.6129999999999995
263,23.994,OK,23.994,22.021,22.021,1.972999999999999,1.972999999999999
264,23.844,OK,23.844,22.016,22.016,1.828000000000003,1.828000000000003
265,23.658,OK,23.658,22.011,22.011,1.647000000000002,1.647000000000002
266,23.829,OK,23.829,22.005,22.005,1.8240000000000016,1.8240000000000016
267,23.591,OK,23.591,22.0,22.0,1.591000000000001,1.591000000000001
268,23.306,OK,23.306,21.995,21.995,1.311,1.311
269,23.586,OK,23.586,21.99,21.99,1.596,1.596
270,23.337,OK,23.337,21.984,21.984,1.352999999999998,1.352999999999998
271,23.853,OK,23.853,21.979,21.979,1.8740000000000023,1.8740000000000023
272,23.564,OK,23.564,21.974,21.974,1.5899999999999999,1.5899999999999999
273,23.652,OK,23.652,21.968,21.968,1.684000000000001,1.684000000000001
274,23.79,OK,23.79,21.963,21.963,1.8269999999999982,1.8269999999999982
275,23.924,OK,23.924,21.958,21.958,1.966000000000001,1.966000000000001
276,23.472,OK,23.472,21.953,21.953,1.519000000000002,1.519000000000002
277,23.422,OK,23.422,21.947,21.947,1.4750000000000014,1.4750000000000014
278,23.875,OK,23.875,21.942,21.942,1.9329999999999998,1.9329999999999998
279,23.719,OK,23.719,21.937,21.937,1.782,1.782
280,23.875,OK,23.875,21.932,21.932,1.9430000000000014,1.9430000000000014
281,23.639,OK,23.639,21.926,21.926,1.713000000000001,1.713000000000001
282,23.924,OK,23.924,21.921,21.921,2.003,2.003
283,23.59,OK,23.59,21.916,21.916,1.6739999999999995,1.6739999999999995
284,23.805,OK,23.805,21.911,21.911,1.8939999999999984,1.8939999999999984
288,23.602,OK,23.602,21.89,21.89,1.7119999999999997,1.7119999999999997
289,23.892,OK,23.892,21.885,21.885,2.006999999999998,2.006999999999998
290,23.381,OK,23.381,21.88,21.88,1.5010000000000012,1.5010000000000012
291,23.346,OK,23.346,21.875,21.875,1.471,1.471
292,23.461,OK,23.461,21.87,21.87,1.5909999999999975,1.5909999999999975
293,23.81,OK,23.81,21.865,21.865,1.9450000000000003,1.9450000000000003
294,23.83,OK,23.83,21.86,21.86,1.9699999999999989,1.9699999999999989
295,23.923,OK,23.923,21.855,21.855,2.067999999999998,2.067999999999998
296,23.319,OK,23.319,21.85,21.85,1.4689999999999976,1.4689999999999976
297,23.435,OK,23.435,21.845,21.845,1.5899999999999999,1.5899999999999999
298,23.857,OK,23.857,21.84,21.84,2.0169999999999995,2.0169999999999995
299,23.87,OK,23.87,21.835,21.835,2.035,2.035
300,23.959,OK,23.959,21.83,21.83,2.1290000000000013,2.1290000000000013
301,23.499,OK,23.499,21.825,21.825,1.6739999999999995,1.6739999999999995
302,23.69,OK,23.69,21.82,21.82,1.870000000000001,1.870000000000001
303,23.354,OK,23.354,21.815,21.815,1.538999999999998,1.538999999999998
304,23.442,OK,23.442,21.81,21.81,1.6320000000000014,1.6320000000000014
305,23.645,OK,23.645,21.806,21.806,1.8389999999999986,1.8389999999999986
306,23.789,OK,23.789,21.801,21.801,1.988000000000003,1.988000000000003
307,23.632,OK,23.632,21.796,21.796,1.836000000000002,1.836000000000002
308,23.274,OK,23.274,21.791,21.791,1.4830000000000005,1.4830000000000005
309,23.435,OK,23.435,21.787,21.787,1.6479999999999997,1.6479999999999997
310,23.767,OK,23.767,21.782,21.782,1.9849999999999994,1.9849999999999994
311,23.822,OK,23.822,21.777,21.777,2.044999999999998,2.044999999999998
312,23.498,OK,23.498,21.773,21.773,1.7250000000000014,1.7250000000000014
313,23.313,OK,23.313,21.768,21.768,1.5449999999999982,1.5449999999999982
314,23.409,OK,23.409,21.764,21.764,1.6449999999999996,1.6449999999999996
315,23.367,OK,23.367,21.759,21.759,1.6080000000000005,1.6080000000000005
316,23.589,OK,23.589,21.755,21.755,1.8339999999999996,1.8339999999999996
317,23.597,OK,23.597,21.75,21.75,1.8470000000000013,1.8470000000000013
318,23.287,OK,23.287,21.746,21.746,1.5410000000000004,1.5410000000000004
319,23.539,OK,23.539,21.742,21.742,1.7970000000000006,1.7970000000000006
320,23.629,OK,23.629,21.737,21.737,1.892000000000003,1.892000000000003
321,23.345,OK,23.345,21.733,21.733,1.6119999999999983,1.6119999999999983
322,23.228,OK,23.228,21.729,21.729,1.4990000000000023,1.4990000000000023
323,23.41,OK,23.41,21.725,21.725,1.6849999999999987,1.6849999999999987
324,23.59,OK,23.59,21.72,21.72,1.870000000000001,1.870000000000001
325,23.674,OK,23.674,21.716,21.716,1.9579999999999984,1.9579999999999984
326,23.702,OK,23.702,21.712,21.712,1.990000000000002,1.990000000000002
327,23.271,OK,23.271,21.708,21.708,1.5630000000000024,1.5630000000000024
328,23.457,OK,23.457,21.704,21.704,1.7530000000000001,1.7530000000000001
329,23.642,OK,23.642,21.7,21.7,1.9420000000000002,1.9420000000000002
330,23.466,OK,23.466,21.696,21.696,1.7699999999999996,1.7699999999999996
331,23.199,OK,23.199,21.692,21.692,1.5070000000000014,1.5070000000000014
332,23.188,OK,23.188,21.689,21.689,1.4989999999999988,1.4989999999999988
333,23.373,OK,23.373,21.685,21.685,1.6880000000000024,1.6880000000000024
334,23.233,OK,23.233,21.681,21.681,1.5519999999999996,1.5519999999999996
335,23.492,OK,23.492,21.677,21.677,1.8150000000000013,1.8150000000000013
336,23.679,OK,23.679,21.674,21.674,2.004999999999999,2.004999999999999
337,23.504,OK,23.504,21.67,21.67,1.8339999999999996,1.8339999999999996
338,23.561,OK,23.561,21.666,21.666,1.8949999999999996,1.8949999999999996
339,23.414,OK,23.414,21.663,21.663,1.7510000000000012,1.7510000000000012
340,22.986,OK,22.986,21.659,21.659,1.3270000000000017,1.3270000000000017
341,23.364,OK,23.364,21.656,21.656,1.708000000000002,1.708000000000002
342,23.591,OK,23.591,21.653,21.653,1.9380000000000024,1.9380000000000024
343,23.433,OK,23.433,21.649,21.649,1.783999999999999,1.783999999999999
344,23.506,OK,23.506,21.646,21.646,1.8599999999999994,1.8599999999999994
345,23.303,OK,23.303,21.643,21.643,1.6600000000000001,1.6600000000000001
346,23.204,OK,23.204,21.64,21.64,1.564,1.564
347,23.261,OK,23.261,21.636,21.636,1.625,1.625
348,23.392,OK,23.392,21.633,21.633,1.7590000000000003,1.7590000000000003
349,23.323,OK,23.323,21.63,21.63,1.6930000000000014,1.6930000000000014
350,23.656,OK,23.656,21.627,21.627,2.029,2.029
351,23.393,OK,23.393,21.624,21.624,1.769000000000002,1.769000000000002
352,23.271,OK,23.271,21.621,21.621,1.6500000000000021,1.6500000000000021
353,23.633,OK,23.633,21.619,21.619,2.0139999999999993,2.0139999999999993
354,23.648,OK,23.648,21.616,21.616,2.032,2.032
355,23.464,OK,23.464,21.613,21.613,1.850999999999999,1.850999999999999
356,23.232,OK,23.232,21.61,21.61,1.6219999999999999,1.6219999999999999
357,23.593,OK,23.593,21.608,21.608,1.9849999999999994,1.9849999999999994
358,23.317,OK,23.317,21.605,21.605,1.7119999999999997,1.7119999999999997
359,23.435,OK,23.435,21.603,21.603,1.8319999999999972,1.8319999999999972
360,23.341,OK,23.341,21.6,21.6,1.7409999999999997,1.7409999999999997
361,23.162,OK,23.162,21.598,21.598,1.564,1.564
362,23.534,OK,23.534,21.595,21.595,1.939,1.939
363,23.364,OK,23.364,21.593,21.593,1.7710000000000008,1.7710000000000008
364,23.091,OK,23.091,21.591,21.591,1.5,1.5
365,23.22,OK,23.22,21.589,21.589,1.6310000000000002,1.6310000000000002
366,23.267,OK,23.267,21.587,21.587,1.6799999999999997,1.6799999999999997
367,23.588,OK,23.588,21.585,21.585,2.003,2.003
368,23.357,OK,23.357,21.583,21.583,1.774000000000001,1.774000000000001
369,23.617,OK,23.617,21.581,21.581,2.0360000000000014,2.0360000000000014
370,23.589,OK,23.589,21.579,21.579,2.009999999999998,2.009999999999998
371,23.041,OK,23.041,21.577,21.577,1.4639999999999986,1.4639999999999986
372,23.184,OK,23.184,21.575,21.575,1.6090000000000018,1.6090000000000018
373,23.214,OK,23.214,21.573,21.573,1.6409999999999982,1.6409999999999982
374,23.478,OK,23.478,21.572,21.572,1.9060000000000024,1.9060000000000024
375,23.273,OK,23.273,21.57,21.57,1.7029999999999994,1.7029999999999994
376,23.617,OK,23.617,21.569,21.569,2.048000000000002,2.048000000000002
377,23.505,OK,23.505,21.567,21.567,1.9379999999999988,1.9379999999999988
378,23.161,OK,23.161,21.566,21.566,1.5950000000000024,1.5950000000000024
379,23.598,OK,23.598,21.564,21.564,2.033999999999999,2.033999999999999
380,23.307,OK,23.307,21.563,21.563,1.7439999999999998,1.7439999999999998
381,23.594,OK,23.594,21.562,21.562,2.032,2.032
382,23.534,OK,23.534,21.561,21.561,1.972999999999999,1.972999999999999
383,23.13,OK,23.13,21.56,21.56,1.5700000000000003,1.5700000000000003
384,23.505,OK,23.505,21.559,21.559,1.945999999999998,1.945999999999998
385,23.25,OK,23.25,21.558,21.558,1.6920000000000002,1.6920000000000002
386,23.732,OK,23.732,21.557,21.557,2.1750000000000007,2.1750000000000007
387,23.314,OK,23.314,21.556,21.556,1.7579999999999991,1.7579999999999991
388,23.271,OK,23.271,21.555,21.555,1.716000000000001,1.716000000000001
389,23.493,OK,23.493,21.554,21.554,1.939,1.939
390,23.009,OK,23.009,21.553,21.553,1.4559999999999995,1.4559999999999995
391,23.202,OK,23.202,21.553,21.553,1.649000000000001,1.649000000000001
392,23.43,OK,23.43,21.552,21.552,1.8780000000000001,1.8780000000000001
393,23.119,OK,23.119,21.552,21.552,1.5670000000000002,1.5670000000000002
394,23.757,OK,23.757,21.551,21.551,2.206000000000003,2.206000000000003
395,23.366,OK,23.366,21.551,21.551,1.8150000000000013,1.8150000000000013
396,23.205,OK,23.205,21.551,21.551,1.654,1.654
397,23.156,OK,23.156,21.55,21.55,1.605999999999998,1.605999999999998
398,23.045,OK,23.045,21.55,21.55,1.495000000000001,1.495000000000001
399,23.067,OK,23.067,21.55,21.55,1.5169999999999995,1.5169999999999995
400,23.543,OK,23.543,21.55,21.55,1.9929999999999986,1.9929999999999986
401,23.389,OK,23.389,21.55,21.55,1.8389999999999986,1.8389999999999986
402,23.084,OK,23.084,21.55,21.55,1.533999999999999,1.533999999999999
403,23.581,OK,23.581,21.55,21.55,2.030999999999999,2.030999999999999
404,23.0,OK,23.0,21.55,21.55,1.4499999999999993,1.4499999999999993
405,23.415,OK,23.415,21.551,21.551,1.8640000000000008,1.8640000000000008
406,23.076,OK,23.076,21.551,21.551,1.5250000000000021,1.5250000000000021
407,23.114,OK,23.114,21.551,21.551,1.5630000000000024,1.5630000000000024
408,23.392,OK,23.392,21.552,21.552,1.8399999999999999,1.8399999999999999
409,23.197,OK,23.197,21.552,21.552,1.6449999999999996,1.6449999999999996
410,23.17,OK,23.17,21.553,21.553,1.6170000000000009,1.6170000000000009
411,22.901,OK,22.901,21.553,21.553,1.347999999999999,1.347999999999999
412,23.263,OK,23.263,21.554,21.554,1.7090000000000032,1.7090000000000032
413,23.582,OK,23.582,21.555,21.555,2.027000000000001,2.027000000000001
414,23.546,OK,23.546,21.556,21.556,1.9899999999999984,1.9899999999999984
415,23.246,OK,23.246,21.556,21.556,1.6899999999999977,1.6899999999999977
416,22.835,OK,22.835,21.557,21.557,1.2780000000000022,1.2780000000000022
417,23.346,OK,23.346,21.558,21.558,1.7880000000000003,1.7880000000000003
418,23.257,OK,23.257,21.559,21.559,1.6980000000000004,1.6980000000000004
419,23.537,OK,23.537,21.561,21.561,1.975999999999999,1.975999999999999
420,23.093,OK,23.093,21.562,21.562,1.5309999999999988,1.5309999999999988
421,23.16,OK,23.16,21.563,21.563,1.5970000000000013,1.5970000000000013
422,23.182,OK,23.182,21.564,21.564,1.6179999999999986,1.6179999999999986
423,23.151,OK,23.151,21.566,21.566,1.5850000000000009,1.5850000000000009
424,23.497,OK,23.497,21.567,21.567,1.9299999999999997,1.9299999999999997
425,23.342,OK,23.342,21.568,21.568,1.7739999999999974,1.7739999999999974
426,23.103,OK,23.103,21.57,21.57,1.5330000000000013,1.5330000000000013
427,23.403,OK,23.403,21.572,21.572,1.8309999999999995,1.8309999999999995
428,23.657,OK,23.657,21.573,21.573,2.0839999999999996,2.0839999999999996
429,23.392,OK,23.392,21.575,21.575,1.8170000000000002,1.8170000000000002
432,23.59,OK,23.59,21.58,21.58,2.0100000000000016,2.0100000000000016
433,23.734,OK,23.734,21.582,21.582,2.152000000000001,2.152000000000001
434,23.089,OK,23.089,21.584,21.584,1.504999999999999,1.504999999999999
435,23.526,OK,23.526,21.586,21.586,1.9400000000000013,1.9400000000000013
436,23.689,OK,23.689,21.589,21.589,2.1000000000000014,2.1000000000000014
437,23.371,OK,23.371,21.591,21.591,1.7799999999999976,1.7799999999999976
438,23.601,OK,23.601,21.593,21.593,2.007999999999999,2.007999999999999
439,23.464,OK,23.464,21.595,21.595,1.8689999999999998,1.8689999999999998
440,23.486,OK,23.486,21.598,21.598,1.8880000000000017,1.8880000000000017
441,23.286,OK,23.286,21.6,21.6,1.686,1.686
442,23.35,OK,23.35,21.602,21.602,1.748000000000001,1.748000000000001
443,23.227,OK,23.227,21.605,21.605,1.6219999999999999,1.6219999999999999
444,23.199,OK,23.199,21.608,21.608,1.591000000000001,1.591000000000001
445,23.002,OK,23.002,21.61,21.61,1.3919999999999995,1.3919999999999995
446,23.776,OK,23.776,21.613,21.613,2.1630000000000003,2.1630000000000003
447,23.12,OK,23.12,21.616,21.616,1.5040000000000013,1.5040000000000013
448,23.041,OK,23.041,21.618,21.618,1.4230000000000018,1.4230000000000018
449,23.509,OK,23.509,21.621,21.621,1.8880000000000017,1.8880000000000017
450,24.067,OK,24.067,22.824,22.824,1.2429999999999986,1.2429999999999986
451,23.796,OK,23.796,22.827,22.827,0.9689999999999976,0.9689999999999976
452,24.366,OK,24.366,22.83,22.83,1.5360000000000014,1.5360000000000014
453,23.761,OK,23.761,22.833,22.833,0.9280000000000008,0.9280000000000008
454,24.107,OK,24.107,22.836,22.836,1.2710000000000008,1.2710000000000008
455,24.034,OK,24.034,22.839,22.839,1.1950000000000003,1.1950000000000003
456,24.283,OK,24.283,22.842,22.842,1.4410000000000025,1.4410000000000025
457,24.202,OK,24.202,22.846,22.846,1.3560000000000016,1.3560000000000016
458,24.141,OK,24.141,22.849,22.849,1.291999999999998,1.291999999999998
459,24.188,OK,24.188,22.852,22.852,1.3359999999999985,1.3359999999999985
460,24.168,OK,24.168,22.856,22.856,1.3119999999999976,1.3119999999999976
461,24.185,OK,24.185,22.859,22.859,1.325999999999997,1.325999999999997
462,24.642,OK,24.642,22.863,22.863,1.779,1.779
463,24.705,OK,24.705,22.866,22.866,1.8389999999999986,1.8389999999999986
464,24.476,OK,24.476,22.87,22.87,1.605999999999998,1.605999999999998
465,24.36,OK,24.36,22.873,22.873,1.4869999999999983,1.4869999999999983
466,24.288,OK,24.288,22.877,22.877,1.4110000000000014,1.4110000000000014
467,24.376,OK,24.376,22.881,22.881,1.495000000000001,1.495000000000001
468,24.729,OK,24.729,22.884,22.884,1.8449999999999989,1.8449999999999989
469,24.442,OK,24.442,22.888,22.888,1.5539999999999985,1.5539999999999985
470,24.375,OK,24.375,22.892,22.892,1.4830000000000005,1.4830000000000005
471,24.698,OK,24.698,22.896,22.896,1.8019999999999996,1.8019999999999996
472,24.643,OK,24.643,22.9,22.9,1.743000000000002,1.743000000000002
473,24.843,OK,24.843,22.904,22.904,1.939,1.939
474,24.596,OK,24.596,22.908,22.908,1.6879999999999988,1.6879999999999988
475,24.523,OK,24.523,22.912,22.912,1.6110000000000007,1.6110000000000007
476,24.573,OK,24.573,22.916,22.916,1.657,1.657
477,24.901,OK,24.901,22.92,22.92,1.980999999999998,1.980999999999998
478,24.599,OK,24.599,22.924,22.924,1.6750000000000007,1.6750000000000007
479,24.75,OK,24.75,22.928,22.928,1.8219999999999992,1.8219999999999992
480,24.923,OK,24.923,22.933,22.933,1.9899999999999984,1.9899999999999984
481,24.59,OK,24.59,22.937,22.937,1.6529999999999987,1.6529999999999987
482,24.629,OK,24.629,22.941,22.941,1.6880000000000024,1.6880000000000024
483,24.708,OK,24.708,22.946,22.946,1.761999999999997,1.761999999999997
484,24.728,OK,24.728,22.95,22.95,1.7780000000000022,1.7780000000000022
485,24.625,OK,24.625,22.954,22.954,1.6709999999999994,1.6709999999999994
486,24.922,OK,24.922,22.959,22.959,1.963000000000001,1.963000000000001
487,24.989,OK,24.989,22.963,22.963,2.026,2.026
488,24.99,OK,24.99,22.968,22.968,2.0219999999999985,2.0219999999999985
489,24.828,OK,24.828,22.972,22.972,1.855999999999998,1.855999999999998
490,24.331,OK,24.331,22.977,22.977,1.3539999999999992,1.3539999999999992
491,24.475,OK,24.475,22.982,22.982,1.493000000000002,1.493000000000002
492,24.607,OK,24.607,22.986,22.986,1.6209999999999987,1.6209999999999987
493,24.294,OK,24.294,22.991,22.991,1.3030000000000008,1.3030000000000008
494,25.001,OK,25.001,22.996,22.996,2.0050000000000026,2.0050000000000026
495,24.297,OK,24.297,23.0,23.0,1.2970000000000006,1.2970000000000006
496,24.959,OK,24.959,23.005,23.005,1.9540000000000006,1.9540000000000006
497,24.625,OK,24.625,23.01,23.01,1.6149999999999984,1.6149999999999984
498,24.495,OK,24.495,23.015,23.015,1.4800000000000004,1.4800000000000004
499,24.954,OK,24.954,23.02,23.02,1.934000000000001,1.934000000000001
500,24.763,OK,24.763,23.024,23.024,1.7390000000000008,1.7390000000000008
501,24.708,OK,24.708,23.029,23.029,1.6789999999999985,1.6789999999999985
502,25.163,OK,25.163,23.034,23.034,2.1290000000000013,2.1290000000000013
503,24.513,OK,24.513,23.039,23.039,1.4740000000000002,1.4740000000000002
504,24.885,OK,24.885,23.044,23.044,1.841000000000001,1.841000000000001
505,25.018,OK,25.018,23.049,23.049,1.9690000000000012,1.9690000000000012
506,24.975,OK,24.975,23.054,23.054,1.921000000000003,1.921000000000003
507,24.867,OK,24.867,23.059,23.059,1.8079999999999998,1.8079999999999998
508,24.902,OK,24.902,23.064,23.064,1.838000000000001,1.838000000000001
509,24.725,OK,24.725,23.069,23.069,1.6560000000000024,1.6560000000000024
510,24.977,OK,24.977,23.074,23.074,1.9029999999999987,1.9029999999999987
511,24.705,OK,24.705,23.079,23.079,1.6259999999999977,1.6259999999999977
512,24.94,OK,24.94,23.084,23.084,1.8560000000000016,1.8560000000000016
513,24.916,OK,24.916,23.09,23.09,1.8260000000000005,1.8260000000000005
514,24.512,OK,24.512,23.095,23.095,1.4170000000000016,1.4170000000000016
515,24.432,OK,24.432,23.1,23.1,1.3319999999999972,1.3319999999999972
516,25.025,OK,25.025,23.105,23.105,1.9199999999999982,1.9199999999999982
517,24.385,OK,24.385,23.11,23.11,1.2750000000000021,1.2750000000000021
518,25.077,OK,25.077,23.115,23.115,1.9620000000000033,1.9620000000000033
519,24.706,OK,24.706,23.121,23.121,1.5850000000000009,1.5850000000000009
520,24.538,OK,24.538,23.126,23.126,1.411999999999999,1.411999999999999
521,25.076,OK,25.076,23.131,23.131,1.9450000000000003,1.9450000000000003
522,24.502,OK,24.502,23.136,23.136,1.3659999999999997,1.3659999999999997
523,24.708,OK,24.708,23.142,23.142,1.565999999999999,1.565999999999999
524,25.186,OK,25.186,23.147,23.147,2.0390000000000015,2.0390000000000015
525,25.228,OK,25.228,23.152,23.152,2.0760000000000005,2.0760000000000005
526,25.027,OK,25.027,23.157,23.157,1.870000000000001,1.870000000000001
527,24.903,OK,24.903,23.163,23.163,1.7399999999999984,1.7399999999999984
528,24.853,OK,24.853,23.168,23.168,1.6850000000000023,1.6850000000000023
529,24.914,OK,24.914,23.173,23.173,1.7410000000000032,1.7410000000000032
530,24.718,OK,24.718,23.178,23.178,1.5399999999999991,1.5399999999999991
531,24.953,OK,24.953,23.184,23.184,1.7689999999999984,1.7689999999999984
532,24.757,OK,24.757,23.189,23.189,1.5680000000000014,1.5680000000000014
533,25.16,OK,25.16,23.194,23.194,1.966000000000001,1.966000000000001
534,25.052,OK,25.052,23.2,23.2,1.8520000000000003,1.8520000000000003
535,24.599,OK,24.599,23.205,23.205,1.394000000000002,1.394000000000002
536,25.231,OK,25.231,23.21,23.21,2.021000000000001,2.021000000000001
537,24.884,OK,24.884,23.216,23.216,1.6679999999999993,1.6679999999999993
538,24.622,OK,24.622,23.221,23.221,1.4009999999999998,1.4009999999999998
539,25.184,OK,25.184,23.226,23.226,1.958000000000002,1.958000000000002
540,25.031,OK,25.031,23.231,23.231,1.7999999999999972,1.7999999999999972
541,24.509,OK,24.509,23.237,23.237,1.272000000000002,1.272000000000002
542,25.084,OK,25.084,23.242,23.242,1.8419999999999987,1.8419999999999987
543,24.618,OK,24.618,23.247,23.247,1.3709999999999987,1.3709999999999987
544,24.451,OK,24.451,23.252,23.252,1.1990000000000016,1.1990000000000016
545,25.39,OK,25.39,23.258,23.258,2.1320000000000014,2.1320000000000014
546,24.958,OK,24.958,23.263,23.263,1.6949999999999967,1.6949999999999967
547,24.916,OK,24.916,23.268,23.268,1.6479999999999997,1.6479999999999997
548,25.478,OK,25.478,23.273,23.273,2.205000000000002,2.205000000000002
549,25.215,OK,25.215,23.279,23.279,1.936,1.936
552,25.03,OK,25.03,23.294,23.294,1.7360000000000007,1.7360000000000007
553,25.157,OK,25.157,23.299,23.299,1.8580000000000005,1.8580000000000005
554,25.224,OK,25.224,23.305,23.305,1.9190000000000005,1.9190000000000005
555,25.077,OK,25.077,23.31,23.31,1.767000000000003,1.767000000000003
556,25.007,OK,25.007,23.315,23.315,1.6920000000000002,1.6920000000000002
557,25.057,OK,25.057,23.32,23.32,1.7369999999999983,1.7369999999999983
558,25.405,OK,25.405,23.325,23.325,2.080000000000002,2.080000000000002
559,24.934,OK,24.934,23.33,23.33,1.6040000000000028,1.6040000000000028
560,25.251,OK,25.251,23.335,23.335,1.9160000000000004,1.9160000000000004
561,25.101,OK,25.101,23.34,23.34,1.7609999999999992,1.7609999999999992
562,25.277,OK,25.277,23.345,23.345,1.9320000000000022,1.9320000000000022
563,24.973,OK,24.973,23.35,23.35,1.6229999999999976,1.6229999999999976
564,24.685,OK,24.685,23.355,23.355,1.3299999999999983,1.3299999999999983
565,25.028,OK,25.028,23.36,23.36,1.6679999999999993,1.6679999999999993
566,24.935,OK,24.935,23.365,23.365,1.5700000000000003,1.5700000000000003
567,24.844,OK,24.844,23.37,23.37,1.4740000000000002,1.4740000000000002
568,25.417,OK,25.417,23.375,23.375,2.0420000000000016,2.0420000000000016
569,25.053,OK,25.053,23.38,23.38,1.6730000000000018,1.6730000000000018
570,25.067,OK,25.067,23.385,23.385,1.6819999999999986,1.6819999999999986
571,25.202,OK,25.202,23.389,23.389,1.8130000000000024,1.8130000000000024
572,24.981,OK,24.981,23.394,23.394,1.5870000000000033,1.5870000000000033
573,25.514,OK,25.514,23.399,23.399,2.1149999999999984,2.1149999999999984
574,25.528,OK,25.528,23.404,23.404,2.1239999999999988,2.1239999999999988
575,25.337,OK,25.337,23.408,23.408,1.9289999999999985,1.9289999999999985
576,24.848,OK,24.848,23.413,23.413,1.4349999999999987,1.4349999999999987
577,25.189,OK,25.189,23.418,23.418,1.7710000000000008,1.7710000000000008
578,25.179,OK,25.179,23.422,23.422,1.756999999999998,1.756999999999998
579,25.423,OK,25.423,23.427,23.427,1.9959999999999987,1.9959999999999987
580,25.067,OK,25.067,23.431,23.431,1.6359999999999992,1.6359999999999992
581,25.144,OK,25.144,23.436,23.436,1.7079999999999984,1.7079999999999984
582,24.97,OK,24.97,23.441,23.441,1.529,1.529
583,24.726,OK,24.726,23.445,23.445,1.2809999999999988,1.2809999999999988
584,25.493,OK,25.493,23.449,23.449,2.043999999999997,2.043999999999997
585,25.562,OK,25.562,23.454,23.454,2.1080000000000005,2.1080000000000005
586,25.445,OK,25.445,23.458,23.458,1.9870000000000019,1.9870000000000019
587,25.337,OK,25.337,23.462,23.462,1.875,1.875
588,24.965,OK,24.965,23.467,23.467,1.498000000000001,1.498000000000001
589,24.988,OK,24.988,23.471,23.471,1.5169999999999995,1.5169999999999995
590,24.842,OK,24.842,23.475,23.475,1.3669999999999973,1.3669999999999973
591,25.579,OK,25.579,23.479,23.479,2.1000000000000014,2.1000000000000014
592,25.238,OK,25.238,23.483,23.483,1.754999999999999,1.754999999999999
593,25.051,OK,25.051,23.488,23.488,1.5629999999999988,1.5629999999999988
594,25.213,OK,25.213,23.492,23.492,1.721,1.721
595,25.431,OK,25.431,23.496,23.496,1.9350000000000023,1.9350000000000023
596,25.141,OK,25.141,23.5,23.5,1.6409999999999982,1.6409999999999982
597,25.196,OK,25.196,23.504,23.504,1.6920000000000002,1.6920000000000002
598,24.906,OK,24.906,23.507,23.507,1.3989999999999974,1.3989999999999974
599,25.018,OK,25.018,23.511,23.511,1.5070000000000014,1.5070000000000014
600,25.352,OK,25.352,23.515,23.515,1.8369999999999997,1.8369999999999997
601,25.323,OK,25.323,23.519,23.519,1.804000000000002,1.804000000000002
602,25.496,OK,25.496,23.523,23.523,1.972999999999999,1.972999999999999
603,25.297,OK,25.297,23.526,23.526,1.7710000000000008,1.7710000000000008
604,25.411,OK,25.411,23.53,23.53,1.8810000000000002,1.8810000000000002
605,25.469,OK,25.469,23.533,23.533,1.936,1.936
606,25.002,OK,25.002,23.537,23.537,1.4649999999999999,1.4649999999999999
607,25.381,OK,25.381,23.54,23.54,1.841000000000001,1.841000000000001
608,25.467,OK,25.467,23.544,23.544,1.9229999999999983,1.9229999999999983
609,25.192,OK,25.192,23.547,23.547,1.6449999999999996,1.6449999999999996
610,24.944,OK,24.944,23.551,23.551,1.3930000000000007,1.3930000000000007
611,25.125,OK,25.125,23.554,23.554,1.5710000000000015,1.5710000000000015
612,25.405,OK,25.405,23.557,23.557,1.8480000000000025,1.8480000000000025
613,25.548,OK,25.548,23.56,23.56,1.9879999999999995,1.9879999999999995
614,25.151,OK,25.151,23.563,23.563,1.588000000000001,1.588000000000001
615,25.444,OK,25.444,23.567,23.567,1.876999999999999,1.876999999999999
616,25.112,OK,25.112,23.57,23.57,1.541999999999998,1.541999999999998
617,25.61,OK,25.61,23.573,23.573,2.036999999999999,2.036999999999999
618,25.624,OK,25.624,23.576,23.576,2.0479999999999983,2.0479999999999983
619,25.309,OK,25.309,23.578,23.578,1.7310000000000016,1.7310000000000016
620,25.104,OK,25.104,23.581,23.581,1.5229999999999997,1.5229999999999997
621,25.198,OK,25.198,23.584,23.584,1.6140000000000008,1.6140000000000008
622,25.338,OK,25.338,23.587,23.587,1.7510000000000012,1.7510000000000012
623,25.303,OK,25.303,23.589,23.589,1.7140000000000022,1.7140000000000022
624,25.416,OK,25.416,23.592,23.592,1.8240000000000016,1.8240000000000016
633,25.13,OK,25.13,23.613,23.613,1.5169999999999995,1.5169999999999995
634,25.196,OK,25.196,23.615,23.615,1.581000000000003,1.581000000000003
635,25.344,OK,25.344,23.617,23.617,1.7270000000000003,1.7270000000000003
636,25.304,OK,25.304,23.619,23.619,1.6849999999999987,1.6849999999999987
637,25.085,OK,25.085,23.621,23.621,1.4640000000000022,1.4640000000000022
638,25.343,OK,25.343,23.623,23.623,1.7199999999999989,1.7199999999999989
639,25.585,OK,25.585,23.625,23.625,1.9600000000000009,1.9600000000000009
640,25.381,OK,25.381,23.627,23.627,1.7540000000000013,1.7540000000000013
641,25.654,OK,25.654,23.628,23.628,2.026,2.026
642,25.148,OK,25.148,23.63,23.63,1.5180000000000007,1.5180000000000007
643,25.26,OK,25.26,23.631,23.631,1.6290000000000013,1.6290000000000013
644,25.356,OK,25.356,23.633,23.633,1.7230000000000025,1.7230000000000025
645,25.311,OK,25.311,23.634,23.634,1.6769999999999996,1.6769999999999996
646,25.306,OK,25.306,23.636,23.636,1.6700000000000017,1.6700000000000017
647,25.059,OK,25.059,23.637,23.637,1.4220000000000006,1.4220000000000006
648,25.605,OK,25.605,23.638,23.638,1.9669999999999987,1.9669999999999987
649,25.641,OK,25.641,23.639,23.639,2.001999999999999,2.001999999999999
650,25.213,OK,25.213,23.64,23.64,1.5730000000000004,1.5730000000000004
651,25.155,OK,25.155,23.641,23.641,1.514000000000003,1.514000000000003
652,25.541,OK,25.541,23.642,23.642,1.899000000000001,1.899000000000001
653,25.42,OK,25.42,23.643,23.643,1.777000000000001,1.777000000000001
654,24.986,OK,24.986,23.644,23.644,1.3420000000000023,1.3420000000000023
655,25.401,OK,25.401,23.645,23.645,1.7560000000000002,1.7560000000000002
656,25.112,OK,25.112,23.646,23.646,1.4659999999999975,1.4659999999999975
657,25.497,OK,25.497,23.647,23.647,1.8500000000000014,1.8500000000000014
658,25.131,OK,25.131,23.647,23.647,1.4840000000000018,1.4840000000000018
659,25.486,OK,25.486,23.648,23.648,1.838000000000001,1.838000000000001
660,25.33,OK,25.33,23.648,23.648,1.6819999999999986,1.6819999999999986
661,25.39,OK,25.39,23.649,23.649,1.7409999999999997,1.7409999999999997
662,25.178,OK,25.178,23.649,23.649,1.529,1.529
663,25.667,OK,25.667,23.649,23.649,2.0180000000000007,2.0180000000000007
664,25.437,OK,25.437,23.65,23.65,1.7870000000000026,1.7870000000000026
665,25.259,OK,25.259,23.65,23.65,1.6090000000000018,1.6090000000000018
666,25.114,OK,25.114,23.65,23.65,1.4640000000000022,1.4640000000000022
667,25.052,OK,25.052,23.65,23.65,1.402000000000001,1.402000000000001
668,25.673,OK,25.673,23.65,23.65,2.0229999999999997,2.0229999999999997
669,25.44,OK,25.44,23.65,23.65,1.7900000000000027,1.7900000000000027
670,25.444,OK,25.444,23.65,23.65,1.7940000000000005,1.7940000000000005
671,25.405,OK,25.405,23.65,23.65,1.7550000000000026,1.7550000000000026
672,25.643,OK,25.643,23.649,23.649,1.9939999999999998,1.9939999999999998
673,25.4,OK,25.4,23.649,23.649,1.7509999999999977,1.7509999999999977
674,25.833,OK,25.833,23.649,23.649,2.1839999999999975,2.1839999999999975
675,25.485,OK,25.485,23.648,23.648,1.8369999999999997,1.8369999999999997
676,25.428,OK,25.428,23.648,23.648,1.7800000000000011,1.7800000000000011
677,25.522,OK,25.522,23.647,23.647,1.875,1.875
678,25.751,OK,25.751,23.647,23.647,2.1040000000000028,2.1040000000000028
679,25.61,OK,25.61,23.646,23.646,1.9639999999999986,1.9639999999999986
680,25.291,OK,25.291,23.645,23.645,1.6460000000000008,1.6460000000000008
681,25.049,OK,25.049,23.644,23.644,1.4050000000000011,1.4050000000000011
682,25.035,OK,25.035,23.644,23.644,1.3910000000000018,1.3910000000000018
683,25.541,OK,25.541,23.643,23.643,1.8979999999999997,1.8979999999999997
684,25.9,OK,25.9,23.642,23.642,2.257999999999999,2.257999999999999
685,25.463,OK,25.463,23.641,23.641,1.8220000000000027,1.8220000000000027
686,25.151,OK,25.151,23.639,23.639,1.5120000000000005,1.5120000000000005
687,25.632,OK,25.632,23.638,23.638,1.9939999999999998,1.9939999999999998
688,25.521,OK,25.521,23.637,23.637,1.8840000000000003,1.8840000000000003
689,25.479,OK,25.479,23.636,23.636,1.843,1.843
690,25.231,OK,25.231,23.634,23.634,1.5970000000000013,1.5970000000000013
691,25.631,OK,25.631,23.633,23.633,1.998000000000001,1.998000000000001
692,25.749,OK,25.749,23.632,23.632,2.1169999999999973,2.1169999999999973
693,25.186,OK,25.186,23.63,23.63,1.556000000000001,1.556000000000001
694,25.789,OK,25.789,23.628,23.628,2.1610000000000014,2.1610000000000014
695,25.307,OK,25.307,23.627,23.627,1.6799999999999997,1.6799999999999997
696,25.384,OK,25.384,23.625,23.625,1.7590000000000003,1.7590000000000003
697,25.285,OK,25.285,23.623,23.623,1.661999999999999,1.661999999999999
698,25.395,OK,25.395,23.622,23.622,1.7729999999999997,1.7729999999999997
699,25.442,OK,25.442,23.62,23.62,1.8219999999999992,1.8219999999999992
700,25.244,OK,25.244,23.618,23.618,1.6260000000000012,1.6260000000000012
701,25.66,OK,25.66,23.616,23.616,2.0440000000000005,2.0440000000000005
702,25.134,OK,25.134,23.614,23.614,1.5199999999999996,1.5199999999999996
703,25.283,OK,25.283,23.612,23.612,1.671000000000003,1.671000000000003
704,25.066,OK,25.066,23.609,23.609,1.4569999999999972,1.4569999999999972
705,25.266,OK,25.266,23.607,23.607,1.658999999999999,1.658999999999999
706,25.252,OK,25.252,23.605,23.605,1.6469999999999985,1.6469999999999985
707,25.114,OK,25.114,23.602,23.602,1.5120000000000005,1.5120000000000005
708,25.326,OK,25.326,23.6,23.6,1.725999999999999,1.725999999999999
709,25.463,OK,25.463,23.598,23.598,1.865000000000002,1.865000000000002
710,25.169,OK,25.169,23.595,23.595,1.5740000000000016,1.5740000000000016
711,25.37,OK,25.37,23.593,23.593,1.777000000000001,1.777000000000001
712,25.332,OK,25.332,23.59,23.59,1.7420000000000009,1.7420000000000009
713,25.646,OK,25.646,23.587,23.587,2.059000000000001,2.059000000000001
714,25.276,OK,25.276,23.585,23.585,1.690999999999999,1.690999999999999
715,25.501,OK,25.501,23.582,23.582,1.9190000000000005,1.9190000000000005
716,26.021,OK,26.021,23.579,23.579,2.442,2.442
717,25.556,OK,25.556,23.576,23.576,1.9800000000000004,1.9800000000000004
718,25.285,OK,25.285,23.573,23.573,1.7119999999999997,1.7119999999999997
719,25.502,OK,25.502,23.57,23.57,1.9319999999999986,1.9319999999999986
720,25.475,OK,25.475,23.567,23.567,1.9080000000000013,1.9080000000000013
721,25.35,OK,25.35,23.564,23.564,1.7860000000000014,1.7860000000000014
722,25.266,OK,25.266,23.561,23.561,1.7049999999999983,1.7049999999999983
723,24.826,OK,24.826,23.558,23.558,1.2680000000000007,1.2680000000000007
724,25.296,OK,25.296,23.554,23.554,1.7420000000000009,1.7420000000000009
725,25.331,OK,25.331,23.551,23.551,1.7800000000000011,1.7800000000000011
726,25.49,OK,25.49,23.548,23.548,1.9420000000000002,1.9420000000000002
727,25.291,OK,25.291,23.544,23.544,1.7469999999999999,1.7469999999999999
728,25.138,OK,25.138,23.541,23.541,1.5970000000000013,1.5970000000000013
729,24.848,OK,24.848,23.538,23.538,1.3099999999999987,1.3099999999999987
730,25.559,OK,25.559,23.534,23.534,2.025000000000002,2.025000000000002
731,25.332,OK,25.332,23.53,23.53,1.8019999999999996,1.8019999999999996
732,25.499,OK,25.499,23.527,23.527,1.9719999999999978,1.9719999999999978
733,25.335,OK,25.335,23.523,23.523,1.8120000000000012,1.8120000000000012
734,25.218,OK,25.218,23.519,23.519,1.6990000000000016,1.6990000000000016
735,25.36,OK,25.36,23.516,23.516,1.8440000000000012,1.8440000000000012
736,25.188,OK,25.188,23.512,23.512,1.6759999999999984,1.6759999999999984
737,25.113,OK,25.113,23.508,23.508,1.6050000000000004,1.6050000000000004
738,25.07,OK,25.07,23.504,23.504,1.565999999999999,1.565999999999999
739,25.395,OK,25.395,23.5,23.5,1.8949999999999996,1.8949999999999996
740,25.091,OK,25.091,23.496,23.496,1.5950000000000024,1.5950000000000024
741,24.959,OK,24.959,23.492,23.492,1.4669999999999987,1.4669999999999987
742,24.908,OK,24.908,23.488,23.488,1.4200000000000017,1.4200000000000017
743,25.164,OK,25.164,23.484,23.484,1.6799999999999997,1.6799999999999997
744,25.236,OK,25.236,23.48,23.48,1.7560000000000002,1.7560000000000002
745,25.289,OK,25.289,23.476,23.476,1.8130000000000024,1.8130000000000024
746,25.037,OK,25.037,23.472,23.472,1.5649999999999977,1.5649999999999977
747,25.116,OK,25.116,23.467,23.467,1.649000000000001,1.649000000000001
748,25.218,OK,25.218,23.463,23.463,1.754999999999999,1.754999999999999
749,25.366,OK,25.366,23.459,23.459,1.907,1.907
750,25.389,OK,25.389,23.455,23.455,1.934000000000001,1.934000000000001
751,25.153,OK,25.153,23.45,23.45,1.7029999999999994,1.7029999999999994
752,24.657,OK,24.657,23.446,23.446,1.2109999999999985,1.2109999999999985
753,25.092,OK,25.092,23.441,23.441,1.6509999999999998,1.6509999999999998
754,25.019,OK,25.019,23.437,23.437,1.5819999999999972,1.5819999999999972
755,24.84,OK,24.84,23.432,23.432,1.4080000000000013,1.4080000000000013
756,24.627,OK,24.627,23.428,23.428,1.198999999999998,1.198999999999998
757,25.578,OK,25.578,23.423,23.423,2.155000000000001,2.155000000000001
758,25.188,OK,25.188,23.419,23.419,1.7689999999999984,1.7689999999999984
759,25.53,OK,25.53,23.414,23.414,2.1159999999999997,2.1159999999999997
760,25.423,OK,25.423,23.409,23.409,2.0139999999999993,2.0139999999999993
761,25.29,OK,25.29,23.405,23.405,1.884999999999998,1.884999999999998
762,25.252,OK,25.252,23.4,23.4,1.8520000000000003,1.8520000000000003
763,25.271,OK,25.271,23.395,23.395,1.8760000000000012,1.8760000000000012
764,25.04,OK,25.04,23.39,23.39,1.6499999999999986,1.6499999999999986
765,25.501,OK,25.501,23.385,23.385,2.1159999999999997,2.1159999999999997
766,24.792,OK,24.792,23.381,23.381,1.4110000000000014,1.4110000000000014
767,25.248,OK,25.248,23.376,23.376,1.8719999999999999,1.8719999999999999
768,25.208,OK,25.208,23.371,23.371,1.8369999999999997,1.8369999999999997
769,25.089,OK,25.089,23.366,23.366,1.722999999999999,1.722999999999999
770,24.931,OK,24.931,23.361,23.361,1.5700000000000003,1.5700000000000003
771,25.425,OK,25.425,23.356,23.356,2.068999999999999,2.068999999999999
772,25.443,OK,25.443,23.351,23.351,2.0920000000000023,2.0920000000000023
773,25.101,OK,25.101,23.346,23.346,1.754999999999999,1.754999999999999
774,25.305,OK,25.305,23.341,23.341,1.9639999999999986,1.9639999999999986
775,24.951,OK,24.951,23.336,23.336,1.615000000000002,1.615000000000002
776,24.981,OK,24.981,23.331,23.331,1.6500000000000021,1.6500000000000021
777,24.721,OK,24.721,23.326,23.326,1.3949999999999996,1.3949999999999996
778,25.079,OK,25.079,23.321,23.321,1.7579999999999991,1.7579999999999991
779,25.08,OK,25.08,23.316,23.316,1.7639999999999993,1.7639999999999993
780,24.741,OK,24.741,23.311,23.311,1.4299999999999997,1.4299999999999997
781,25.433,OK,25.433,23.305,23.305,2.128,2.128
782,24.65,OK,24.65,23.3,23.3,1.3499999999999979,1.3499999999999979
783,24.845,OK,24.845,23.295,23.295,1.5499999999999972,1.5499999999999972
784,25.334,OK,25.334,23.29,23.29,2.0440000000000005,2.0440000000000005
785,25.138,OK,25.138,23.285,23.285,1.8530000000000015,1.8530000000000015
786,25.006,OK,25.006,23.28,23.28,1.725999999999999,1.725999999999999
787,25.127,OK,25.127,23.274,23.274,1.852999999999998,1.852999999999998
788,24.815,OK,24.815,23.269,23.269,1.546000000000003,1.546000000000003
789,25.034,OK,25.034,23.264,23.264,1.7699999999999996,1.7699999999999996
790,24.985,OK,24.985,23.259,23.259,1.725999999999999,1.725999999999999
791,25.301,OK,25.301,23.253,23.253,2.0479999999999983,2.0479999999999983
792,25.175,OK,25.175,23.248,23.248,1.9269999999999996,1.9269999999999996
793,24.984,OK,24.984,23.243,23.243,1.7410000000000032,1.7410000000000032
794,24.955,OK,24.955,23.238,23.238,1.7169999999999987,1.7169999999999987
795,25.073,OK,25.073,23.232,23.232,1.841000000000001,1.841000000000001
796,24.958,OK,24.958,23.227,23.227,1.730999999999998,1.730999999999998
797,24.987,OK,24.987,23.222,23.222,1.764999999999997,1.764999999999997
798,25.209,OK,25.209,23.216,23.216,1.9929999999999986,1.9929999999999986
799,25.029,OK,25.029,23.211,23.211,1.8180000000000014,1.8180000000000014
800,24.545,OK,24.545,24.006,24.006,0.5390000000000015,0.5390000000000015
801,24.864,OK,24.864,24.001,24.001,0.8629999999999995,0.8629999999999995
802,24.711,OK,24.711,23.995,23.995,0.7159999999999975,0.7159999999999975
803,24.763,OK,24.763,23.99,23.99,0.7730000000000032,0.7730000000000032
804,24.616,OK,24.616,23.985,23.985,0.6310000000000002,0.6310000000000002
805,24.869,OK,24.869,23.979,23.979,0.8900000000000006,0.8900000000000006
806,24.974,OK,24.974,23.974,23.974,1.0,1.0
807,25.434,OK,25.434,23.969,23.969,1.4649999999999999,1.4649999999999999
808,24.787,OK,24.787,23.964,23.964,0.8230000000000004,0.8230000000000004
809,25.347,OK,25.347,23.958,23.958,1.389000000000003,1.389000000000003
810,24.763,OK,24.763,23.953,23.953,0.8100000000000023,0.8100000000000023
811,24.815,OK,24.815,23.948,23.948,0.8670000000000009,0.8670000000000009
812,25.231,OK,25.231,23.942,23.942,1.2890000000000015,1.2890000000000015
813,25.492,OK,25.492,23.937,23.937,1.5549999999999997,1.5549999999999997
814,25.304,OK,25.304,23.932,23.932,1.3719999999999999,1.3719999999999999
815,25.379,OK,25.379,23.927,23.927,1.4520000000000017,1.4520000000000017
816,25.341,OK,25.341,23.922,23.922,1.4190000000000005,1.4190000000000005
817,25.157,OK,25.157,23.916,23.916,1.2409999999999997,1.2409999999999997
818,25.193,OK,25.193,23.911,23.911,1.282,1.282
819,25.338,OK,25.338,23.906,23.906,1.4320000000000022,1.4320000000000022
820,25.67,OK,25.67,23.901,23.901,1.769000000000002,1.769000000000002
821,25.041,OK,25.041,23.896,23.896,1.1449999999999996,1.1449999999999996
822,25.132,OK,25.132,23.89,23.89,1.2420000000000009,1.2420000000000009
823,25.514,OK,25.514,23.885,23.885,1.6289999999999978,1.6289999999999978
824,25.694,OK,25.694,23.88,23.88,1.814,1.814
825,25.399,OK,25.399,23.875,23.875,1.524000000000001,1.524000000000001
826,25.628,OK,25.628,23.87,23.87,1.7579999999999991,1.7579999999999991
827,25.754,OK,25.754,23.865,23.865,1.889000000000003,1.889000000000003
828,25.427,OK,25.427,23.86,23.86,1.5670000000000002,1.5670000000000002
829,25.623,OK,25.623,23.855,23.855,1.7680000000000007,1.7680000000000007
830,25.413,OK,25.413,23.85,23.85,1.5629999999999988,1.5629999999999988
831,25.479,OK,25.479,23.845,23.845,1.6340000000000003,1.6340000000000003
832,25.78,OK,25.78,23.84,23.84,1.9400000000000013,1.9400000000000013
833,25.367,OK,25.367,23.835,23.835,1.532,1.532
834,25.851,OK,25.851,23.83,23.83,2.021000000000001,2.021000000000001
835,25.307,OK,25.307,23.825,23.825,1.4819999999999993,1.4819999999999993
836,25.476,OK,25.476,23.82,23.82,1.6559999999999988,1.6559999999999988
837,25.696,OK,25.696,23.816,23.816,1.8800000000000026,1.8800000000000026
838,25.477,OK,25.477,23.811,23.811,1.6660000000000004,1.6660000000000004
839,25.561,OK,25.561,23.806,23.806,1.754999999999999,1.754999999999999
840,25.445,OK,25.445,23.801,23.801,1.644000000000002,1.644000000000002
841,25.442,OK,25.442,23.796,23.796,1.6460000000000008,1.6460000000000008
842,25.522,OK,25.522,23.792,23.792,1.7299999999999969,1.7299999999999969
843,25.826,OK,25.826,23.787,23.787,2.0390000000000015,2.0390000000000015
844,24.995,OK,24.995,23.782,23.782,1.213000000000001,1.213000000000001
845,25.31,OK,25.31,23.778,23.778,1.532,1.532
846,25.31,OK,25.31,23.773,23.773,1.536999999999999,1.536999999999999
847,25.569,OK,25.569,23.769,23.769,1.8000000000000007,1.8000000000000007
848,25.233,OK,25.233,23.764,23.764,1.4690000000000012,1.4690000000000012
849,25.687,OK,25.687,23.76,23.76,1.9269999999999996,1.9269999999999996
850,25.03,OK,25.03,23.755,23.755,1.2750000000000021,1.2750000000000021
851,25.747,OK,25.747,23.751,23.751,1.9959999999999987,1.9959999999999987
852,25.328,OK,25.328,23.746,23.746,1.5820000000000007,1.5820000000000007
853,25.152,OK,25.152,23.742,23.742,1.4100000000000001,1.4100000000000001
854,25.501,OK,25.501,23.738,23.738,1.7630000000000017,1.7630000000000017
855,25.387,OK,25.387,23.733,23.733,1.654,1.654
856,25.425,OK,25.425,23.729,23.729,1.6960000000000015,1.6960000000000015
857,25.195,OK,25.195,23.725,23.725,1.4699999999999989,1.4699999999999989
858,25.473,OK,25.473,23.721,23.721,1.751999999999999,1.751999999999999
859,25.336,OK,25.336,23.717,23.717,1.6189999999999998,1.6189999999999998
860,25.681,OK,25.681,23.713,23.713,1.968,1.968
861,25.494,OK,25.494,23.709,23.709,1.7850000000000001,1.7850000000000001
862,25.488,OK,25.488,23.704,23.704,1.783999999999999,1.783999999999999
863,25.306,OK,25.306,23.701,23.701,1.6050000000000004,1.6050000000000004
864,25.503,OK,25.503,23.697,23.697,1.806000000000001,1.806000000000001
865,25.716,OK,25.716,23.693,23.693,2.0229999999999997,2.0229999999999997
866,24.953,OK,24.953,23.689,23.689,1.2639999999999993,1.2639999999999993
867,25.417,OK,25.417,23.685,23.685,1.7320000000000029,1.7320000000000029
868,25.257,OK,25.257,23.681,23.681,1.5760000000000005,1.5760000000000005
869,25.622,OK,25.622,23.678,23.678,1.943999999999999,1.943999999999999
870,25.581,OK,25.581,23.674,23.674,1.907,1.907
871,25.322,OK,25.322,23.67,23.67,1.6519999999999975,1.6519999999999975
872,25.553,OK,25.553,23.667,23.667,1.8859999999999992,1.8859999999999992
873,25.236,OK,25.236,23.663,23.663,1.5730000000000004,1.5730000000000004
874,25.292,OK,25.292,23.66,23.66,1.6320000000000014,1.6320000000000014
875,25.304,OK,25.304,23.656,23.656,1.6479999999999997,1.6479999999999997
876,25.342,OK,25.342,23.653,23.653,1.689,1.689
877,25.59,OK,25.59,23.65,23.65,1.9400000000000013,1.9400000000000013
878,25.516,OK,25.516,23.646,23.646,1.8699999999999974,1.8699999999999974
879,25.207,OK,25.207,23.643,23.643,1.564,1.564
880,25.454,OK,25.454,23.64,23.64,1.814,1.814
881,25.16,OK,25.16,23.637,23.637,1.5229999999999997,1.5229999999999997
882,24.92,OK,24.92,23.634,23.634,1.2860000000000014,1.2860000000000014
883,25.467,OK,25.467,23.63,23.63,1.8369999999999997,1.8369999999999997
884,25.236,OK,25.236,23.627,23.627,1.6090000000000018,1.6090000000000018
885,25.453,OK,25.453,23.625,23.625,1.8279999999999994,1.8279999999999994
886,24.846,OK,24.846,23.622,23.622,1.2240000000000002,1.2240000000000002
887,25.413,OK,25.413,23.619,23.619,1.7940000000000005,1.7940000000000005
888,25.287,OK,25.287,23.616,23.616,1.6709999999999994,1.6709999999999994
889,25.678,OK,25.678,23.613,23.613,2.0650000000000013,2.0650000000000013
890,25.226,OK,25.226,23.611,23.611,1.6149999999999984,1.6149999999999984
891,25.56,OK,25.56,23.608,23.608,1.9519999999999982,1.9519999999999982
892,25.077,OK,25.077,23.605,23.605,1.4720000000000013,1.4720000000000013
893,25.432,OK,25.432,23.603,23.603,1.828999999999997,1.828999999999997
894,25.438,OK,25.438,23.6,23.6,1.8379999999999974,1.8379999999999974
895,25.718,OK,25.718,23.598,23.598,2.120000000000001,2.120000000000001
896,25.148,OK,25.148,23.596,23.596,1.5519999999999996,1.5519999999999996
897,25.264,OK,25.264,23.593,23.593,1.6709999999999994,1.6709999999999994
898,25.364,OK,25.364,23.591,23.591,1.7729999999999997,1.7729999999999997
899,25.338,OK,25.338,23.589,23.589,1.7490000000000023,1.7490000000000023
900,25.385,OK,25.385,23.587,23.587,1.7980000000000018,1.7980000000000018
901,25.365,OK,25.365,23.585,23.585,1.7799999999999976,1.7799999999999976
902,25.687,OK,25.687,23.583,23.583,2.1040000000000028,2.1040000000000028
903,25.155,OK,25.155,23.581,23.581,1.5740000000000016,1.5740000000000016
904,25.126,OK,25.126,23.579,23.579,1.5470000000000006,1.5470000000000006
908,25.896,OK,25.896,23.572,23.572,2.3240000000000016,2.3240000000000016
909,25.129,OK,25.129,23.57,23.57,1.559000000000001,1.559000000000001
910,25.567,OK,25.567,23.569,23.569,1.998000000000001,1.998000000000001
911,25.056,OK,25.056,23.567,23.567,1.4890000000000008,1.4890000000000008
912,25.236,OK,25.236,23.566,23.566,1.6700000000000017,1.6700000000000017
913,25.743,OK,25.743,23.564,23.564,2.1789999999999985,2.1789999999999985
914,25.211,OK,25.211,23.563,23.563,1.6479999999999997,1.6479999999999997
915,25.893,OK,25.893,23.562,23.562,2.3309999999999995,2.3309999999999995
916,25.175,OK,25.175,23.561,23.561,1.6140000000000008,1.6140000000000008
917,25.678,OK,25.678,23.56,23.56,2.118000000000002,2.118000000000002
918,24.952,OK,24.952,23.559,23.559,1.3930000000000007,1.3930000000000007
919,25.449,OK,25.449,23.558,23.558,1.8910000000000018,1.8910000000000018
920,25.25,OK,25.25,23.557,23.557,1.6930000000000014,1.6930000000000014
921,25.253,OK,25.253,23.556,23.556,1.6969999999999992,1.6969999999999992
922,25.144,OK,25.144,23.555,23.555,1.5889999999999986,1.5889999999999986
923,25.461,OK,25.461,23.554,23.554,1.907,1.907
924,25.429,OK,25.429,23.554,23.554,1.875,1.875
925,25.093,OK,25.093,23.553,23.553,1.5399999999999991,1.5399999999999991
926,25.397,OK,25.397,23.552,23.552,1.8449999999999989,1.8449999999999989
927,24.917,OK,24.917,23.552,23.552,1.365000000000002,1.365000000000002
928,25.295,OK,25.295,23.551,23.551,1.7440000000000033,1.7440000000000033
929,25.108,OK,25.108,23.551,23.551,1.5570000000000022,1.5570000000000022
930,25.304,OK,25.304,23.551,23.551,1.7530000000000001,1.7530000000000001
931,24.986,OK,24.986,23.55,23.55,1.436,1.436
932,25.141,OK,25.141,23.55,23.55,1.5909999999999975,1.5909999999999975
933,25.263,OK,25.263,23.55,23.55,1.713000000000001,1.713000000000001
934,25.315,OK,25.315,23.55,23.55,1.7650000000000006,1.7650000000000006
935,25.484,OK,25.484,23.55,23.55,1.934000000000001,1.934000000000001
936,25.404,OK,25.404,23.55,23.55,1.8539999999999992,1.8539999999999992
937,25.296,OK,25.296,23.55,23.55,1.7459999999999987,1.7459999999999987
938,25.345,OK,25.345,23.55,23.55,1.7949999999999982,1.7949999999999982
939,25.212,OK,25.212,23.551,23.551,1.6610000000000014,1.6610000000000014
940,25.63,OK,25.63,23.551,23.551,2.0790000000000006,2.0790000000000006
941,25.194,OK,25.194,23.551,23.551,1.6430000000000007,1.6430000000000007
942,25.314,OK,25.314,23.552,23.552,1.7620000000000005,1.7620000000000005
943,25.247,OK,25.247,23.552,23.552,1.6950000000000003,1.6950000000000003
944,25.261,OK,25.261,23.553,23.553,1.7079999999999984,1.7079999999999984
945,25.478,OK,25.478,23.553,23.553,1.9250000000000007,1.9250000000000007
946,25.145,OK,25.145,23.554,23.554,1.591000000000001,1.591000000000001
947,25.191,OK,25.191,23.555,23.555,1.6359999999999992,1.6359999999999992
948,25.142,OK,25.142,23.556,23.556,1.5859999999999985,1.5859999999999985
949,25.083,OK,25.083,23.556,23.556,1.5269999999999975,1.5269999999999975
950,25.773,OK,25.773,23.557,23.557,2.216000000000001,2.216000000000001
951,25.125,OK,25.125,23.558,23.558,1.5670000000000002,1.5670000000000002
952,25.287,OK,25.287,23.559,23.559,1.727999999999998,1.727999999999998
953,25.281,OK,25.281,23.56,23.56,1.721,1.721
954,25.8,OK,25.8,23.562,23.562,2.2379999999999995,2.2379999999999995
955,25.622,OK,25.622,23.563,23.563,2.059000000000001,2.059000000000001
956,25.439,OK,25.439,23.564,23.564,1.875,1.875
957,25.024,OK,25.024,23.566,23.566,1.458000000000002,1.458000000000002
958,25.508,OK,25.508,23.567,23.567,1.940999999999999,1.940999999999999
959,25.769,OK,25.769,23.568,23.568,2.200999999999997,2.200999999999997
960,24.98,OK,24.98,23.57,23.57,1.4100000000000001,1.4100000000000001
961,25.113,OK,25.113,23.571,23.571,1.541999999999998,1.541999999999998
962,25.545,OK,25.545,23.573,23.573,1.9720000000000013,1.9720000000000013
963,25.268,OK,25.268,23.575,23.575,1.6930000000000014,1.6930000000000014
964,25.166,OK,25.166,23.577,23.577,1.5889999999999986,1.5889999999999986
965,25.349,OK,25.349,23.578,23.578,1.7710000000000008,1.7710000000000008
966,24.982,OK,24.982,23.58,23.58,1.402000000000001,1.402000000000001
967,25.328,OK,25.328,23.582,23.582,1.7459999999999987,1.7459999999999987
968,25.088,OK,25.088,23.584,23.584,1.5040000000000013,1.5040000000000013
969,25.501,OK,25.501,23.586,23.586,1.9150000000000027,1.9150000000000027
970,25.248,OK,25.248,23.588,23.588,1.6600000000000001,1.6600000000000001
971,25.182,OK,25.182,23.591,23.591,1.5909999999999975,1.5909999999999975
972,24.849,OK,24.849,23.593,23.593,1.2560000000000002,1.2560000000000002
973,25.517,OK,25.517,23.595,23.595,1.9220000000000006,1.9220000000000006
974,25.404,OK,25.404,23.597,23.597,1.8069999999999986,1.8069999999999986
975,25.487,OK,25.487,23.6,23.6,1.886999999999997,1.886999999999997
976,25.441,OK,25.441,23.602,23.602,1.8389999999999986,1.8389999999999986
977,25.532,OK,25.532,23.605,23.605,1.9269999999999996,1.9269999999999996
978,25.522,OK,25.522,23.607,23.607,1.9149999999999991,1.9149999999999991
979,25.429,OK,25.429,23.61,23.61,1.818999999999999,1.818999999999999
980,25.137,OK,25.137,23.613,23.613,1.524000000000001,1.524000000000001
981,25.699,OK,25.699,23.615,23.615,2.084000000000003,2.084000000000003
982,25.614,OK,25.614,23.618,23.618,1.9960000000000022,1.9960000000000022
983,25.62,OK,25.62,23.621,23.621,1.9990000000000023,1.9990000000000023
984,25.105,OK,25.105,23.624,23.624,1.4810000000000016,1.4810000000000016
985,25.218,OK,25.218,23.627,23.627,1.591000000000001,1.591000000000001
986,25.409,OK,25.409,23.63,23.63,1.779,1.779
987,25.585,OK,25.585,23.633,23.633,1.9520000000000017,1.9520000000000017
988,25.867,OK,25.867,23.636,23.636,2.2310000000000016,2.2310000000000016
989,25.018,OK,25.018,23.639,23.639,1.3790000000000013,1.3790000000000013
990,25.475,OK,25.475,23.642,23.642,1.833000000000002,1.833000000000002
991,25.395,OK,25.395,23.645,23.645,1.75,1.75
992,25.107,OK,25.107,23.649,23.649,1.4579999999999984,1.4579999999999984
993,25.287,OK,25.287,23.652,23.652,1.634999999999998,1.634999999999998
994,25.334,OK,25.334,23.655,23.655,1.6789999999999985,1.6789999999999985
995,25.872,OK,25.872,23.659,23.659,2.213000000000001,2.213000000000001
996,25.364,OK,25.364,23.662,23.662,1.7020000000000017,1.7020000000000017
997,25.48,OK,25.48,23.666,23.666,1.814,1.814
998,25.383,OK,25.383,23.669,23.669,1.7139999999999986,1.7139999999999986
999,25.603,OK,25.603,23.673,23.673,1.9300000000000033,1.9300000000000033
1000,25.359,OK,25.359,23.677,23.677,1.6820000000000022,1.6820000000000022
1001,25.542,OK,25.542,23.68,23.68,1.8620000000000019,1.8620000000000019
1002,25.525,OK,25.525,23.684,23.684,1.8409999999999975,1.8409999999999975
1003,25.823,OK,25.823,23.688,23.688,2.1350000000000016,2.1350000000000016
1004,25.371,OK,25.371,23.692,23.692,1.6789999999999985,1.6789999999999985
1005,25.094,OK,25.094,23.696,23.696,1.3979999999999997,1.3979999999999997
1006,25.557,OK,25.557,23.7,23.7,1.8569999999999993,1.8569999999999993
1007,25.503,OK,25.503,23.704,23.704,1.7989999999999995,1.7989999999999995
1008,25.88,OK,25.88,23.708,23.708,2.1720000000000006,2.1720000000000006
1009,25.88,OK,25.88,23.712,23.712,2.1679999999999993,2.1679999999999993
1014,25.821,OK,25.821,23.732,23.732,2.089000000000002,2.089000000000002
1015,25.433,OK,25.433,23.737,23.737,1.6960000000000015,1.6960000000000015
1016,25.335,OK,25.335,23.741,23.741,1.5940000000000012,1.5940000000000012
1017,25.751,OK,25.751,23.745,23.745,2.0060000000000002,2.0060000000000002
1018,25.594,OK,25.594,23.75,23.75,1.8440000000000012,1.8440000000000012
1019,25.653,OK,25.653,23.754,23.754,1.8989999999999974,1.8989999999999974
1020,25.184,OK,25.184,23.759,23.759,1.4250000000000007,1.4250000000000007
1021,25.616,OK,25.616,23.763,23.763,1.852999999999998,1.852999999999998
1022,25.962,OK,25.962,23.768,23.768,2.193999999999999,2.193999999999999
1023,26.154,OK,26.154,23.772,23.772,2.3820000000000014,2.3820000000000014
1024,25.908,OK,25.908,23.777,23.777,2.1310000000000002,2.1310000000000002
1025,25.864,OK,25.864,23.781,23.781,2.083000000000002,2.083000000000002
1026,25.367,OK,25.367,23.786,23.786,1.5809999999999995,1.5809999999999995
1027,25.577,OK,25.577,23.791,23.791,1.7860000000000014,1.7860000000000014
1028,25.644,OK,25.644,23.795,23.795,1.8489999999999966,1.8489999999999966
1029,24.853,OK,24.853,23.8,23.8,1.0530000000000008,1.0530000000000008
1030,25.47,OK,25.47,23.805,23.805,1.6649999999999991,1.6649999999999991
1031,25.601,OK,25.601,23.81,23.81,1.7910000000000004,1.7910000000000004
1032,25.682,OK,25.682,23.814,23.814,1.8679999999999986,1.8679999999999986
1033,25.661,OK,25.661,23.819,23.819,1.8420000000000023,1.8420000000000023
1034,25.476,OK,25.476,23.824,23.824,1.6519999999999975,1.6519999999999975
1035,25.434,OK,25.434,23.829,23.829,1.6050000000000004,1.6050000000000004
1036,25.863,OK,25.863,23.834,23.834,2.029,2.029
1037,25.412,OK,25.412,23.839,23.839,1.5730000000000004,1.5730000000000004
1038,25.554,OK,25.554,23.844,23.844,1.7099999999999973,1.7099999999999973
1039,25.641,OK,25.641,23.849,23.849,1.791999999999998,1.791999999999998
1040,25.401,OK,25.401,23.854,23.854,1.5470000000000006,1.5470000000000006
1041,25.66,OK,25.66,23.859,23.859,1.8009999999999984,1.8009999999999984
1042,25.597,OK,25.597,23.864,23.864,1.7330000000000005,1.7330000000000005
1043,26.08,OK,26.08,23.869,23.869,2.2109999999999985,2.2109999999999985
1044,25.658,OK,25.658,23.874,23.874,1.7840000000000025,1.7840000000000025
1045,25.869,OK,25.869,23.879,23.879,1.9899999999999984,1.9899999999999984
1046,25.445,OK,25.445,23.884,23.884,1.561,1.561
1047,25.238,OK,25.238,23.889,23.889,1.3490000000000002,1.3490000000000002
1048,25.896,OK,25.896,23.894,23.894,2.0020000000000024,2.0020000000000024
1049,25.957,OK,25.957,23.9,23.9,2.057000000000002,2.057000000000002
1050,25.599,OK,25.599,23.905,23.905,1.693999999999999,1.693999999999999
1051,25.752,OK,25.752,23.91,23.91,1.8419999999999987,1.8419999999999987
1052,25.625,OK,25.625,23.915,23.915,1.7100000000000009,1.7100000000000009
1053,25.985,OK,25.985,23.92,23.92,2.0649999999999977,2.0649999999999977
1054,25.558,OK,25.558,23.925,23.925,1.6329999999999991,1.6329999999999991
1055,25.364,OK,25.364,23.931,23.931,1.4329999999999998,1.4329999999999998
1056,25.941,OK,25.941,23.936,23.936,2.004999999999999,2.004999999999999
1057,25.493,OK,25.493,23.941,23.941,1.5519999999999996,1.5519999999999996
1058,25.451,OK,25.451,23.946,23.946,1.504999999999999,1.504999999999999
1059,25.596,OK,25.596,23.952,23.952,1.6439999999999984,1.6439999999999984
1060,26.01,OK,26.01,23.957,23.957,2.053000000000001,2.053000000000001
1061,25.596,OK,25.596,23.962,23.962,1.6340000000000003,1.6340000000000003
1062,25.633,OK,25.633,23.968,23.968,1.6649999999999991,1.6649999999999991
1063,25.608,OK,25.608,23.973,23.973,1.6350000000000016,1.6350000000000016
1064,25.413,OK,25.413,23.978,23.978,1.4349999999999987,1.4349999999999987
1065,25.797,OK,25.797,23.983,23.983,1.814,1.814
1066,25.932,OK,25.932,23.989,23.989,1.9429999999999978,1.9429999999999978
1067,25.889,OK,25.889,23.994,23.994,1.8949999999999996,1.8949999999999996
1068,25.289,OK,25.289,23.999,23.999,1.2900000000000027,1.2900000000000027
1069,25.843,OK,25.843,24.005,24.005,1.838000000000001,1.838000000000001
1070,25.921,OK,25.921,24.01,24.01,1.9109999999999978,1.9109999999999978
1071,25.958,OK,25.958,24.015,24.015,1.9429999999999978,1.9429999999999978
1072,25.647,OK,25.647,24.02,24.02,1.626999999999999,1.626999999999999
1073,25.782,OK,25.782,24.026,24.026,1.7560000000000002,1.7560000000000002
1074,25.765,OK,25.765,24.031,24.031,1.7340000000000018,1.7340000000000018
1075,25.952,OK,25.952,24.036,24.036,1.9160000000000004,1.9160000000000004
1076,25.815,OK,25.815,24.042,24.042,1.7729999999999997,1.7729999999999997
1077,26.012,OK,26.012,24.047,24.047,1.9649999999999999,1.9649999999999999
1078,25.864,OK,25.864,24.052,24.052,1.8120000000000012,1.8120000000000012
1079,25.781,OK,25.781,24.057,24.057,1.7240000000000002,1.7240000000000002
1080,25.99,OK,25.99,24.063,24.063,1.9269999999999996,1.9269999999999996
1081,25.73,OK,25.73,24.068,24.068,1.661999999999999,1.661999999999999
1082,25.96,OK,25.96,24.073,24.073,1.8870000000000005,1.8870000000000005
1083,25.468,OK,25.468,24.078,24.078,1.3900000000000006,1.3900000000000006
1084,25.261,OK,25.261,24.083,24.083,1.1780000000000008,1.1780000000000008
1085,26.028,OK,26.028,24.089,24.089,1.939,1.939
1086,25.862,OK,25.862,24.094,24.094,1.7679999999999971,1.7679999999999971
1087,25.907,OK,25.907,24.099,24.099,1.8079999999999998,1.8079999999999998
1088,25.994,OK,25.994,24.104,24.104,1.8900000000000006,1.8900000000000006
1089,25.789,OK,25.789,24.109,24.109,1.6799999999999997,1.6799999999999997
1090,25.637,OK,25.637,24.114,24.114,1.5229999999999997,1.5229999999999997
1091,25.858,OK,25.858,24.12,24.12,1.7379999999999995,1.7379999999999995
1092,25.931,OK,25.931,24.125,24.125,1.806000000000001,1.806000000000001
1093,25.943,OK,25.943,24.13,24.13,1.8130000000000024,1.8130000000000024
1094,25.891,OK,25.891,24.135,24.135,1.7559999999999967,1.7559999999999967
1095,25.74,OK,25.74,24.14,24.14,1.5999999999999979,1.5999999999999979
1096,25.485,OK,25.485,24.145,24.145,1.3399999999999999,1.3399999999999999
1097,25.844,OK,25.844,24.15,24.15,1.6940000000000026,1.6940000000000026
1098,25.814,OK,25.814,24.155,24.155,1.658999999999999,1.658999999999999
1099,26.001,OK,26.001,24.16,24.16,1.841000000000001,1.841000000000001
1100,25.677,OK,25.677,24.165,24.165,1.5120000000000005,1.5120000000000005
1101,25.926,OK,25.926,24.17,24.17,1.7559999999999967,1.7559999999999967
1102,26.151,OK,26.151,24.175,24.175,1.975999999999999,1.975999999999999
1103,25.83,OK,25.83,24.179,24.179,1.6509999999999998,1.6509999999999998
1104,26.191,OK,26.191,24.184,24.184,2.006999999999998,2.006999999999998
1108,26.01,OK,26.01,24.203,24.203,1.8070000000000022,1.8070000000000022
1109,25.92,OK,25.92,24.208,24.208,1.7120000000000033,1.7120000000000033
1110,25.888,OK,25.888,24.213,24.213,1.6750000000000007,1.6750000000000007
1111,25.851,OK,25.851,24.217,24.217,1.6340000000000003,1.6340000000000003
1112,25.655,OK,25.655,24.222,24.222,1.4329999999999998,1.4329999999999998
1113,26.091,OK,26.091,24.227,24.227,1.8640000000000008,1.8640000000000008
1114,25.921,OK,25.921,24.231,24.231,1.6899999999999977,1.6899999999999977
1115,26.039,OK,26.039,24.236,24.236,1.8030000000000008,1.8030000000000008
1116,26.092,OK,26.092,24.24,24.24,1.8520000000000003,1.8520000000000003
1117,25.723,OK,25.723,24.245,24.245,1.477999999999998,1.477999999999998
1118,26.05,OK,26.05,24.249,24.249,1.801000000000002,1.801000000000002
1119,25.899,OK,25.899,24.253,24.253,1.6460000000000008,1.6460000000000008
1120,26.015,OK,26.015,24.258,24.258,1.7570000000000014,1.7570000000000014
1121,25.977,OK,25.977,24.262,24.262,1.7149999999999999,1.7149999999999999
1122,25.717,OK,25.717,24.266,24.266,1.4510000000000005,1.4510000000000005
1123,26.089,OK,26.089,24.271,24.271,1.8179999999999978,1.8179999999999978
1124,26.425,OK,26.425,24.275,24.275,2.150000000000002,2.150000000000002
1125,25.743,OK,25.743,24.279,24.279,1.4639999999999986,1.4639999999999986
1126,25.616,OK,25.616,24.283,24.283,1.3329999999999984,1.3329999999999984
1127,26.123,OK,26.123,24.287,24.287,1.836000000000002,1.836000000000002
1128,26.091,OK,26.091,24.291,24.291,1.8000000000000007,1.8000000000000007
1129,25.768,OK,25.768,24.295,24.295,1.472999999999999,1.472999999999999
1130,26.286,OK,26.286,24.299,24.299,1.9870000000000019,1.9870000000000019
1131,26.461,OK,26.461,24.303,24.303,2.1579999999999977,2.1579999999999977
1132,26.498,OK,26.498,24.307,24.307,2.1910000000000025,2.1910000000000025
1133,25.844,OK,25.844,24.311,24.311,1.5330000000000013,1.5330000000000013
1134,26.137,OK,26.137,24.315,24.315,1.8219999999999992,1.8219999999999992
1135,25.967,OK,25.967,24.319,24.319,1.6479999999999997,1.6479999999999997
1136,25.82,OK,25.82,24.322,24.322,1.498000000000001,1.498000000000001
1137,25.915,OK,25.915,24.326,24.326,1.5889999999999986,1.5889999999999986
1138,26.488,OK,26.488,24.33,24.33,2.1580000000000013,2.1580000000000013
1139,26.059,OK,26.059,24.333,24.333,1.7260000000000026,1.7260000000000026
1140,25.565,OK,25.565,24.337,24.337,1.2280000000000015,1.2280000000000015
1141,25.976,OK,25.976,24.34,24.34,1.6359999999999992,1.6359999999999992
1142,26.049,OK,26.049,24.344,24.344,1.7049999999999983,1.7049999999999983
1143,25.66,OK,25.66,24.347,24.347,1.3129999999999988,1.3129999999999988
1144,25.763,OK,25.763,24.35,24.35,1.4130000000000003,1.4130000000000003
1145,26.051,OK,26.051,24.354,24.354,1.6969999999999992,1.6969999999999992
1146,25.663,OK,25.663,24.357,24.357,1.306000000000001,1.306000000000001
1147,26.23,OK,26.23,24.36,24.36,1.870000000000001,1.870000000000001
1148,26.07,OK,26.07,24.363,24.363,1.7070000000000007,1.7070000000000007
1149,26.366,OK,26.366,24.366,24.366,2.0,2.0
1150,26.027,OK,26.027,24.369,24.369,1.6580000000000013,1.6580000000000013
1151,26.601,OK,26.601,24.372,24.372,2.228999999999999,2.228999999999999
1152,25.783,OK,25.783,24.375,24.375,1.4080000000000013,1.4080000000000013
1153,25.972,OK,25.972,24.378,24.378,1.5940000000000012,1.5940000000000012
1154,25.869,OK,25.869,24.381,24.381,1.4879999999999995,1.4879999999999995
1155,26.102,OK,26.102,24.384,24.384,1.718,1.718
1156,26.202,OK,26.202,24.387,24.387,1.8150000000000013,1.8150000000000013
1157,26.265,OK,26.265,24.389,24.389,1.8760000000000012,1.8760000000000012
1158,26.359,OK,26.359,24.392,24.392,1.9670000000000023,1.9670000000000023
1159,26.106,OK,26.106,24.395,24.395,1.711000000000002,1.711000000000002
1160,26.031,OK,26.031,24.397,24.397,1.6340000000000003,1.6340000000000003
1161,26.023,OK,26.023,24.399,24.399,1.6239999999999988,1.6239999999999988
1162,25.855,OK,25.855,24.402,24.402,1.4529999999999994,1.4529999999999994
1163,26.349,OK,26.349,24.404,24.404,1.9450000000000003,1.9450000000000003
1164,26.18,OK,26.18,24.407,24.407,1.7729999999999997,1.7729999999999997
1165,26.254,OK,26.254,24.409,24.409,1.8450000000000024,1.8450000000000024
1166,26.019,OK,26.019,24.411,24.411,1.607999999999997,1.607999999999997
1167,26.177,OK,26.177,24.413,24.413,1.7639999999999993,1.7639999999999993
1168,26.211,OK,26.211,24.415,24.415,1.7959999999999994,1.7959999999999994
1169,26.174,OK,26.174,24.417,24.417,1.756999999999998,1.756999999999998
1170,25.828,OK,25.828,24.419,24.419,1.408999999999999,1.408999999999999
1171,26.327,OK,26.327,24.421,24.421,1.9060000000000024,1.9060000000000024
1172,26.365,OK,26.365,24.423,24.423,1.9420000000000002,1.9420000000000002
1173,26.087,OK,26.087,24.425,24.425,1.661999999999999,1.661999999999999
1174,25.985,OK,25.985,24.426,24.426,1.559000000000001,1.559000000000001
1175,26.286,OK,26.286,24.428,24.428,1.8580000000000005,1.8580000000000005
1176,25.968,OK,25.968,24.43,24.43,1.5380000000000003,1.5380000000000003
1177,26.074,OK,26.074,24.431,24.431,1.6430000000000007,1.6430000000000007
1178,26.424,OK,26.424,24.433,24.433,1.9909999999999997,1.9909999999999997
1179,26.065,OK,26.065,24.434,24.434,1.6310000000000002,1.6310000000000002
1180,25.524,OK,25.524,23.235,23.235,2.2890000000000015,2.2890000000000015
1181,25.84,OK,25.84,23.237,23.237,2.6030000000000015,2.6030000000000015
1182,25.566,OK,25.566,23.238,23.238,2.3279999999999994,2.3279999999999994
1183,25.4,OK,25.4,23.239,23.239,2.160999999999998,2.160999999999998
1184,25.248,OK,25.248,23.24,23.24,2.0080000000000027,2.0080000000000027
1185,25.59,OK,25.59,23.241,23.241,2.349,2.349
1186,25.337,OK,25.337,23.242,23.242,2.094999999999999,2.094999999999999
1187,25.588,OK,25.588,23.243,23.243,2.3450000000000024,2.3450000000000024
1188,25.232,OK,25.232,23.244,23.244,1.9879999999999995,1.9879999999999995
1189,25.24,OK,25.24,23.245,23.245,1.9949999999999974,1.9949999999999974
1190,24.942,OK,24.942,23.246,23.246,1.6960000000000015,1.6960000000000015
1191,25.083,OK,25.083,23.246,23.246,1.8369999999999997,1.8369999999999997
1192,25.227,OK,25.227,23.247,23.247,1.9800000000000004,1.9800000000000004
1193,25.265,OK,25.265,23.248,23.248,2.0169999999999995,2.0169999999999995
1194,25.115,OK,25.115,23.248,23.248,1.8669999999999973,1.8669999999999973
1195,25.416,OK,25.416,23.249,23.249,2.1670000000000016,2.1670000000000016
1196,25.213,OK,25.213,23.249,23.249,1.9640000000000022,1.9640000000000022
1197,24.635,OK,24.635,23.249,23.249,1.3860000000000028,1.3860000000000028
1198,24.907,OK,24.907,23.25,23.25,1.657,1.657
1199,25.456,OK,25.456,23.25,23.25,2.2059999999999995,2.2059999999999995
1200,24.733,OK,24.733,23.25,23.25,1.4830000000000005,1.4830000000000005
1201,25.002,OK,25.002,23.25,23.25,1.751999999999999,1.751999999999999
1202,25.046,OK,25.046,23.25,23.25,1.7959999999999994,1.7959999999999994
1203,24.933,OK,24.933,23.25,23.25,1.6829999999999998,1.6829999999999998
1204,25.081,OK,25.081,23.25,23.25,1.8309999999999995,1.8309999999999995
1205,24.968,OK,24.968,23.25,23.25,1.718,1.718
1206,24.709,OK,24.709,23.249,23.249,1.4600000000000009,1.4600000000000009
1207,24.68,OK,24.68,23.249,23.249,1.431000000000001,1.431000000000001
1208,24.701,OK,24.701,23.249,23.249,1.4520000000000017,1.4520000000000017
1209,25.14,OK,25.14,23.248,23.248,1.8919999999999995,1.8919999999999995
1210,25.268,OK,25.268,23.248,23.248,2.0199999999999996,2.0199999999999996
1211,24.673,OK,24.673,23.247,23.247,1.4259999999999984,1.4259999999999984
1212,25.125,OK,25.125,23.247,23.247,1.8780000000000001,1.8780000000000001
1213,25.369,OK,25.369,23.246,23.246,2.123000000000001,2.123000000000001
1214,24.721,OK,24.721,23.245,23.245,1.475999999999999,1.475999999999999
1215,25.261,OK,25.261,23.244,23.244,2.0169999999999995,2.0169999999999995
1216,24.94,OK,24.94,23.244,23.244,1.6960000000000015,1.6960000000000015
1217,25.23,OK,25.23,23.243,23.243,1.9870000000000019,1.9870000000000019
1218,24.769,OK,24.769,23.242,23.242,1.5269999999999975,1.5269999999999975
1219,24.799,OK,24.799,23.241,23.241,1.5579999999999998,1.5579999999999998
1220,25.04,OK,25.04,23.24,23.24,1.8000000000000007,1.8000000000000007
1221,24.762,OK,24.762,23.238,23.238,1.524000000000001,1.524000000000001
1222,24.876,OK,24.876,23.237,23.237,1.639000000000003,1.639000000000003
1223,24.715,OK,24.715,23.236,23.236,1.4789999999999992,1.4789999999999992
1224,24.58,OK,24.58,23.235,23.235,1.3449999999999989,1.3449999999999989
1225,24.997,OK,24.997,23.233,23.233,1.7639999999999993,1.7639999999999993
1226,25.191,OK,25.191,23.232,23.232,1.9589999999999996,1.9589999999999996
1227,24.966,OK,24.966,23.23,23.23,1.7360000000000007,1.7360000000000007
1228,24.394,OK,24.394,23.229,23.229,1.1649999999999991,1.1649999999999991
1229,24.981,OK,24.981,23.227,23.227,1.7540000000000013,1.7540000000000013
1230,24.686,OK,24.686,23.225,23.225,1.4609999999999985,1.4609999999999985
1231,24.806,OK,24.806,23.223,23.223,1.583000000000002,1.583000000000002
1232,24.884,OK,24.884,23.222,23.222,1.661999999999999,1.661999999999999
1233,24.933,OK,24.933,23.22,23.22,1.713000000000001,1.713000000000001
1234,24.924,OK,24.924,23.218,23.218,1.7059999999999995,1.7059999999999995
1235,25.385,OK,25.385,23.216,23.216,2.1690000000000005,2.1690000000000005
1236,25.243,OK,25.243,23.214,23.214,2.029,2.029
1237,25.476,OK,25.476,23.212,23.212,2.2639999999999993,2.2639999999999993
1238,25.017,OK,25.017,23.209,23.209,1.8079999999999998,1.8079999999999998
1239,25.07,OK,25.07,23.207,23.207,1.8629999999999995,1.8629999999999995
1240,25.178,OK,25.178,23.205,23.205,1.9730000000000025,1.9730000000000025
1241,24.682,OK,24.682,23.203,23.203,1.4789999999999992,1.4789999999999992
1242,24.919,OK,24.919,23.2,23.2,1.7190000000000012,1.7190000000000012
1243,24.587,OK,24.587,23.198,23.198,1.3889999999999993,1.3889999999999993
1244,24.843,OK,24.843,23.195,23.195,1.6479999999999997,1.6479999999999997
1245,25.495,OK,25.495,23.193,23.193,2.3019999999999996,2.3019999999999996
1246,25.295,OK,25.295,23.19,23.19,2.1050000000000004,2.1050000000000004
1247,25.134,OK,25.134,23.187,23.187,1.9469999999999992,1.9469999999999992
1248,24.962,OK,24.962,23.185,23.185,1.777000000000001,1.777000000000001
1249,25.214,OK,25.214,23.182,23.182,2.032,2.032
1250,24.915,OK,24.915,23.179,23.179,1.7360000000000007,1.7360000000000007
1251,25.031,OK,25.031,23.176,23.176,1.8550000000000004,1.8550000000000004
1252,24.665,OK,24.665,23.173,23.173,1.4920000000000009,1.4920000000000009
1253,24.962,OK,24.962,23.17,23.17,1.791999999999998,1.791999999999998
1254,24.692,OK,24.692,23.167,23.167,1.5249999999999986,1.5249999999999986
1255,24.791,OK,24.791,23.164,23.164,1.626999999999999,1.626999999999999
1256,24.807,OK,24.807,23.161,23.161,1.6459999999999972,1.6459999999999972
1257,25.055,OK,25.055,23.158,23.158,1.8969999999999985,1.8969999999999985
1258,25.086,OK,25.086,23.155,23.155,1.9309999999999974,1.9309999999999974
1259,25.014,OK,25.014,23.151,23.151,1.8629999999999995,1.8629999999999995
1260,24.736,OK,24.736,23.148,23.148,1.588000000000001,1.588000000000001
1261,24.801,OK,24.801,23.145,23.145,1.6559999999999988,1.6559999999999988
1262,24.773,OK,24.773,23.141,23.141,1.6320000000000014,1.6320000000000014
1263,24.6,OK,24.6,23.138,23.138,1.4619999999999997,1.4619999999999997
1264,25.028,OK,25.028,23.134,23.134,1.8939999999999984,1.8939999999999984
1265,24.509,OK,24.509,23.131,23.131,1.3780000000000001,1.3780000000000001
1266,24.599,OK,24.599,23.127,23.127,1.4720000000000013,1.4720000000000013
1267,24.557,OK,24.557,23.123,23.123,1.4339999999999975,1.4339999999999975
1268,24.874,OK,24.874,23.12,23.12,1.7539999999999978,1.7539999999999978
1269,24.599,OK,24.599,23.116,23.116,1.4830000000000005,1.4830000000000005
1270,24.58,OK,24.58,23.112,23.112,1.468,1.468
1271,24.996,OK,24.996,23.108,23.108,1.8879999999999981,1.8879999999999981
1272,24.961,OK,24.961,23.105,23.105,1.855999999999998,1.855999999999998
1273,24.994,OK,24.994,23.101,23.101,1.8930000000000007,1.8930000000000007
1274,24.994,OK,24.994,23.097,23.097,1.8969999999999985,1.8969999999999985
1275,24.71,OK,24.71,23.093,23.093,1.6170000000000009,1.6170000000000009
1276,24.612,OK,24.612,23.089,23.089,1.5229999999999997,1.5229999999999997
1277,24.748,OK,24.748,23.085,23.085,1.6630000000000003,1.6630000000000003
1278,24.605,OK,24.605,23.08,23.08,1.5250000000000021,1.5250000000000021
1279,24.878,OK,24.878,23.076,23.076,1.8019999999999996,1.8019999999999996
1280,25.231,OK,25.231,23.072,23.072,2.1590000000000025,2.1590000000000025
1281,25.157,OK,25.157,23.068,23.068,2.0889999999999986,2.0889999999999986
1282,24.439,OK,24.439,23.064,23.064,1.375,1.375
1283,24.973,OK,24.973,23.059,23.059,1.913999999999998,1.913999999999998
1284,25.124,OK,25.124,23.055,23.055,2.068999999999999,2.068999999999999
1285,24.741,OK,24.741,23.05,23.05,1.690999999999999,1.690999999999999
1286,24.958,OK,24.958,23.046,23.046,1.911999999999999,1.911999999999999
1287,24.961,OK,24.961,23.042,23.042,1.918999999999997,1.918999999999997
1288,24.637,OK,24.637,23.037,23.037,1.6000000000000014,1.6000000000000014
1289,24.535,OK,24.535,23.033,23.033,1.501999999999999,1.501999999999999
1290,24.702,OK,24.702,23.028,23.028,1.674000000000003,1.674000000000003
1291,24.827,OK,24.827,23.023,23.023,1.804000000000002,1.804000000000002
1292,24.845,OK,24.845,23.019,23.019,1.8260000000000005,1.8260000000000005
1293,24.908,OK,24.908,23.014,23.014,1.894000000000002,1.894000000000002
1294,25.272,OK,25.272,23.01,23.01,2.261999999999997,2.261999999999997
1295,24.83,OK,24.83,23.005,23.005,1.8249999999999993,1.8249999999999993
1296,24.636,OK,24.636,23.0,23.0,1.6359999999999992,1.6359999999999992
1297,24.483,OK,24.483,22.995,22.995,1.4879999999999995,1.4879999999999995
1298,24.725,OK,24.725,22.991,22.991,1.7340000000000018,1.7340000000000018
1299,24.909,OK,24.909,22.986,22.986,1.9229999999999983,1.9229999999999983
1300,24.528,OK,24.528,22.981,22.981,1.546999999999997,1.546999999999997
1301,24.658,OK,24.658,22.976,22.976,1.6820000000000022,1.6820000000000022
1302,24.874,OK,24.874,22.971,22.971,1.9029999999999987,1.9029999999999987
1303,24.965,OK,24.965,22.966,22.966,1.9989999999999988,1.9989999999999988
1304,24.931,OK,24.931,22.961,22.961,1.9700000000000024,1.9700000000000024
1305,24.653,OK,24.653,22.956,22.956,1.6969999999999992,1.6969999999999992
1306,24.646,OK,24.646,22.951,22.951,1.6950000000000003,1.6950000000000003
1307,24.706,OK,24.706,22.946,22.946,1.759999999999998,1.759999999999998
1308,24.696,OK,24.696,22.941,22.941,1.7550000000000026,1.7550000000000026
1309,24.535,OK,24.535,22.936,22.936,1.5990000000000002,1.5990000000000002
1310,24.789,OK,24.789,22.931,22.931,1.8580000000000005,1.8580000000000005
1311,25.161,OK,25.161,22.926,22.926,2.235000000000003,2.235000000000003
1312,24.476,OK,24.476,22.921,22.921,1.5549999999999997,1.5549999999999997
1313,24.537,OK,24.537,22.916,22.916,1.6209999999999987,1.6209999999999987
1314,24.613,OK,24.613,22.911,22.911,1.7019999999999982,1.7019999999999982
1315,24.626,OK,24.626,22.906,22.906,1.7200000000000024,1.7200000000000024
1316,24.692,OK,24.692,22.901,22.901,1.7910000000000004,1.7910000000000004
1317,24.732,OK,24.732,22.895,22.895,1.8369999999999997,1.8369999999999997
1318,24.415,OK,24.415,22.89,22.89,1.5249999999999986,1.5249999999999986
1319,24.771,OK,24.771,22.885,22.885,1.8859999999999992,1.8859999999999992
1320,24.55,OK,24.55,22.88,22.88,1.6700000000000017,1.6700000000000017
1321,24.755,OK,24.755,22.875,22.875,1.879999999999999,1.879999999999999
1322,24.305,OK,24.305,22.869,22.869,1.436,1.436
1323,24.696,OK,24.696,22.864,22.864,1.8320000000000007,1.8320000000000007
1324,24.417,OK,24.417,22.859,22.859,1.5579999999999998,1.5579999999999998
1325,24.798,OK,24.798,22.854,22.854,1.943999999999999,1.943999999999999
1326,24.497,OK,24.497,22.848,22.848,1.649000000000001,1.649000000000001
1327,24.498,OK,24.498,22.843,22.843,1.6550000000000011,1.6550000000000011
1328,24.669,OK,24.669,22.838,22.838,1.8309999999999995,1.8309999999999995
1329,24.569,OK,24.569,22.833,22.833,1.7360000000000007,1.7360000000000007
1330,24.371,OK,24.371,22.827,22.827,1.543999999999997,1.543999999999997
1331,24.406,OK,24.406,22.822,22.822,1.5839999999999996,1.5839999999999996
1332,24.826,OK,24.826,22.817,22.817,2.0090000000000003,2.0090000000000003
1333,24.869,OK,24.869,22.812,22.812,2.0569999999999986,2.0569999999999986
1334,24.167,OK,24.167,22.806,22.806,1.3610000000000007,1.3610000000000007
1339,24.498,OK,24.498,22.78,22.78,1.718,1.718
1340,24.569,OK,24.569,22.774,22.774,1.7949999999999982,1.7949999999999982
1341,24.359,OK,24.359,22.769,22.769,1.5900000000000034,1.5900000000000034
1342,24.328,OK,24.328,22.764,22.764,1.564,1.564
1343,24.707,OK,24.707,22.759,22.759,1.9480000000000004,1.9480000000000004
1344,24.447,OK,24.447,22.753,22.753,1.693999999999999,1.693999999999999
1345,24.423,OK,24.423,22.748,22.748,1.6749999999999972,1.6749999999999972
1346,24.303,OK,24.303,22.743,22.743,1.5600000000000023,1.5600000000000023
1347,24.596,OK,24.596,22.738,22.738,1.8580000000000005,1.8580000000000005
1348,24.852,OK,24.852,22.732,22.732,2.120000000000001,2.120000000000001
1349,24.416,OK,24.416,22.727,22.727,1.689,1.689
1350,24.74,OK,24.74,22.722,22.722,2.017999999999997,2.017999999999997
1351,24.328,OK,24.328,22.717,22.717,1.6110000000000007,1.6110000000000007
1352,24.576,OK,24.576,22.712,22.712,1.8640000000000008,1.8640000000000008
1353,24.716,OK,24.716,22.706,22.706,2.0100000000000016,2.0100000000000016
1354,24.082,OK,24.082,22.701,22.701,1.3810000000000002,1.3810000000000002
1355,24.494,OK,24.494,22.696,22.696,1.7979999999999983,1.7979999999999983
1356,24.651,OK,24.651,22.691,22.691,1.9600000000000009,1.9600000000000009
1357,24.578,OK,24.578,22.686,22.686,1.8919999999999995,1.8919999999999995
1358,24.081,OK,24.081,22.681,22.681,1.3999999999999986,1.3999999999999986
1359,24.183,OK,24.183,22.676,22.676,1.5070000000000014,1.5070000000000014
1360,24.873,OK,24.873,22.67,22.67,2.2029999999999994,2.2029999999999994
1361,24.088,OK,24.088,22.665,22.665,1.4230000000000018,1.4230000000000018
1362,24.759,OK,24.759,22.66,22.66,2.099,2.099
1363,24.479,OK,24.479,22.655,22.655,1.823999999999998,1.823999999999998
1364,24.794,OK,24.794,22.65,22.65,2.144000000000002,2.144000000000002
1365,23.932,OK,23.932,22.645,22.645,1.286999999999999,1.286999999999999
1366,24.471,OK,24.471,22.64,22.64,1.8309999999999995,1.8309999999999995
1367,24.216,OK,24.216,22.635,22.635,1.5809999999999995,1.5809999999999995
1368,24.405,OK,24.405,22.631,22.631,1.774000000000001,1.774000000000001
1369,24.298,OK,24.298,22.626,22.626,1.671999999999997,1.671999999999997
1370,24.588,OK,24.588,22.621,22.621,1.9670000000000023,1.9670000000000023
1371,24.644,OK,24.644,22.616,22.616,2.0279999999999987,2.0279999999999987
1372,24.16,OK,24.16,22.611,22.611,1.5489999999999995,1.5489999999999995
1373,24.198,OK,24.198,22.606,22.606,1.5919999999999987,1.5919999999999987
1374,24.112,OK,24.112,22.602,22.602,1.509999999999998,1.509999999999998
1375,24.065,OK,24.065,22.597,22.597,1.468,1.468
1376,24.215,OK,24.215,22.592,22.592,1.623000000000001,1.623000000000001
1377,24.382,OK,24.382,22.587,22.587,1.7950000000000017,1.7950000000000017
1378,24.416,OK,24.416,22.583,22.583,1.833000000000002,1.833000000000002
1379,24.385,OK,24.385,22.578,22.578,1.8070000000000022,1.8070000000000022
1380,24.472,OK,24.472,22.574,22.574,1.8979999999999997,1.8979999999999997
1381,24.156,OK,24.156,22.569,22.569,1.5869999999999997,1.5869999999999997
1382,24.278,OK,24.278,22.564,22.564,1.7139999999999986,1.7139999999999986
1383,24.685,OK,24.685,22.56,22.56,2.125,2.125
1384,24.523,OK,24.523,22.556,22.556,1.9669999999999987,1.9669999999999987
1385,24.296,OK,24.296,22.551,22.551,1.745000000000001,1.745000000000001
1386,24.131,OK,24.131,22.547,22.547,1.5839999999999996,1.5839999999999996
1387,24.33,OK,24.33,22.542,22.542,1.7879999999999967,1.7879999999999967
1388,24.525,OK,24.525,22.538,22.538,1.9869999999999983,1.9869999999999983
1389,24.537,OK,24.537,22.534,22.534,2.003,2.003
1390,24.194,OK,24.194,22.529,22.529,1.6649999999999991,1.6649999999999991
1391,24.55,OK,24.55,22.525,22.525,2.025000000000002,2.025000000000002
1392,24.191,OK,24.191,22.521,22.521,1.6699999999999982,1.6699999999999982
1393,24.348,OK,24.348,22.517,22.517,1.8309999999999995,1.8309999999999995
1394,24.241,OK,24.241,22.513,22.513,1.727999999999998,1.727999999999998
1395,24.234,OK,24.234,22.509,22.509,1.7250000000000014,1.7250000000000014
1396,24.147,OK,24.147,22.505,22.505,1.6419999999999995,1.6419999999999995
1397,24.358,OK,24.358,22.501,22.501,1.8569999999999993,1.8569999999999993
1398,24.303,OK,24.303,22.497,22.497,1.806000000000001,1.806000000000001
1399,24.314,OK,24.314,22.493,22.493,1.8210000000000015,1.8210000000000015
1400,24.072,OK,24.072,22.489,22.489,1.5829999999999984,1.5829999999999984
1401,23.989,OK,23.989,22.485,22.485,1.5040000000000013,1.5040000000000013
1402,24.468,OK,24.468,22.482,22.482,1.9860000000000007,1.9860000000000007
1403,24.463,OK,24.463,22.478,22.478,1.9849999999999994,1.9849999999999994
1404,24.479,OK,24.479,22.474,22.474,2.004999999999999,2.004999999999999
1405,24.451,OK,24.451,22.471,22.471,1.9800000000000004,1.9800000000000004
1406,24.298,OK,24.298,22.467,22.467,1.8309999999999995,1.8309999999999995
1407,24.284,OK,24.284,22.463,22.463,1.820999999999998,1.820999999999998
1408,24.63,OK,24.63,22.46,22.46,2.169999999999998,2.169999999999998
1409,24.159,OK,24.159,22.456,22.456,1.7029999999999994,1.7029999999999994
1410,24.256,OK,24.256,22.453,22.453,1.8030000000000008,1.8030000000000008
1411,24.194,OK,24.194,22.45,22.45,1.7439999999999998,1.7439999999999998
1412,23.961,OK,23.961,22.446,22.446,1.514999999999997,1.514999999999997
1413,24.413,OK,24.413,22.443,22.443,1.9699999999999989,1.9699999999999989
1414,24.346,OK,24.346,22.44,22.44,1.9059999999999988,1.9059999999999988
1415,24.525,OK,24.525,22.437,22.437,2.0879999999999974,2.0879999999999974
1416,24.073,OK,24.073,22.434,22.434,1.6389999999999993,1.6389999999999993
1417,24.192,OK,24.192,22.431,22.431,1.7609999999999992,1.7609999999999992
1418,24.178,OK,24.178,22.428,22.428,1.75,1.75
1419,24.335,OK,24.335,22.425,22.425,1.9100000000000001,1.9100000000000001
1420,23.811,OK,23.811,22.422,22.422,1.3889999999999993,1.3889999999999993
1421,24.226,OK,24.226,22.419,22.419,1.8069999999999986,1.8069999999999986
1422,24.574,OK,24.574,22.416,22.416,2.1580000000000013,2.1580000000000013
1423,24.196,OK,24.196,22.413,22.413,1.7830000000000013,1.7830000000000013
1424,23.708,OK,23.708,22.411,22.411,1.296999999999997,1.296999999999997
1425,23.495,OK,23.495,22.408,22.408,1.0869999999999997,1.0869999999999997
1426,24.342,OK,24.342,22.406,22.406,1.936,1.936
1427,24.316,OK,24.316,22.403,22.403,1.9130000000000003,1.9130000000000003
1428,24.096,OK,24.096,22.401,22.401,1.6950000000000003,1.6950000000000003
1429,24.207,OK,24.207,22.398,22.398,1.809000000000001,1.809000000000001
1440,24.328,OK,24.328,22.375,22.375,1.9529999999999994,1.9529999999999994
1441,23.95,OK,23.95,22.374,22.374,1.5760000000000005,1.5760000000000005
1442,24.148,OK,24.148,22.372,22.372,1.7759999999999998,1.7759999999999998
1443,24.109,OK,24.109,22.37,22.37,1.7390000000000008,1.7390000000000008
1444,23.962,OK,23.962,22.369,22.369,1.593,1.593
1445,24.323,OK,24.323,22.367,22.367,1.9559999999999995,1.9559999999999995
1446,24.263,OK,24.263,22.366,22.366,1.897000000000002,1.897000000000002
1447,24.097,OK,24.097,22.365,22.365,1.7320000000000029,1.7320000000000029
1448,24.299,OK,24.299,22.363,22.363,1.936,1.936
1449,24.187,OK,24.187,22.362,22.362,1.8250000000000028,1.8250000000000028
1450,24.228,OK,24.228,22.361,22.361,1.8670000000000009,1.8670000000000009
1451,24.503,OK,24.503,22.36,22.36,2.1430000000000007,2.1430000000000007
1452,24.346,OK,24.346,22.359,22.359,1.9869999999999983,1.9869999999999983
1453,24.016,OK,24.016,22.358,22.358,1.6579999999999977,1.6579999999999977
1454,23.828,OK,23.828,22.357,22.357,1.471,1.471
1455,24.175,OK,24.175,22.356,22.356,1.818999999999999,1.818999999999999
1456,24.035,OK,24.035,22.355,22.355,1.6799999999999997,1.6799999999999997
1457,24.171,OK,24.171,22.354,22.354,1.8170000000000002,1.8170000000000002
1458,23.869,OK,23.869,22.354,22.354,1.5150000000000006,1.5150000000000006
1459,24.348,OK,24.348,22.353,22.353,1.9949999999999974,1.9949999999999974
1460,24.525,OK,24.525,22.352,22.352,2.1729999999999983,2.1729999999999983
1461,23.702,OK,23.702,22.352,22.352,1.3500000000000014,1.3500000000000014
1462,24.488,OK,24.488,22.351,22.351,2.1370000000000005,2.1370000000000005
1463,24.364,OK,24.364,22.351,22.351,2.0130000000000017,2.0130000000000017
1464,24.18,OK,24.18,22.351,22.351,1.8290000000000006,1.8290000000000006
1465,24.426,OK,24.426,22.35,22.35,2.075999999999997,2.075999999999997
1466,23.94,OK,23.94,22.35,22.35,1.5899999999999999,1.5899999999999999
1467,24.087,OK,24.087,22.35,22.35,1.7369999999999983,1.7369999999999983
1468,24.123,OK,24.123,22.35,22.35,1.7729999999999997,1.7729999999999997
1469,24.124,OK,24.124,22.35,22.35,1.7739999999999974,1.7739999999999974
1470,24.118,OK,24.118,22.35,22.35,1.7679999999999971,1.7679999999999971
1471,24.3,OK,24.3,22.35,22.35,1.9499999999999993,1.9499999999999993
1472,23.864,OK,23.864,22.35,22.35,1.5139999999999993,1.5139999999999993
1473,24.366,OK,24.366,22.351,22.351,2.0150000000000006,2.0150000000000006
1474,23.932,OK,23.932,22.351,22.351,1.5809999999999995,1.5809999999999995
1475,23.97,OK,23.97,22.351,22.351,1.6189999999999998,1.6189999999999998
1476,24.099,OK,24.099,22.352,22.352,1.7469999999999999,1.7469999999999999
1477,24.004,OK,24.004,22.352,22.352,1.652000000000001,1.652000000000001
1478,23.823,OK,23.823,22.353,22.353,1.4699999999999989,1.4699999999999989
1479,24.261,OK,24.261,22.353,22.353,1.9079999999999977,1.9079999999999977
1480,24.004,OK,24.004,22.354,22.354,1.6500000000000021,1.6500000000000021
1481,24.109,OK,24.109,22.355,22.355,1.7540000000000013,1.7540000000000013
1482,24.245,OK,24.245,22.356,22.356,1.8889999999999993,1.8889999999999993
1483,23.992,OK,23.992,22.356,22.356,1.6359999999999992,1.6359999999999992
1484,23.757,OK,23.757,22.357,22.357,1.4000000000000021,1.4000000000000021
1485,24.251,OK,24.251,22.358,22.358,1.8930000000000007,1.8930000000000007
1486,24.143,OK,24.143,22.359,22.359,1.783999999999999,1.783999999999999
1487,24.484,OK,24.484,22.36,22.36,2.1240000000000023,2.1240000000000023
1488,24.186,OK,24.186,22.362,22.362,1.8240000000000016,1.8240000000000016
1489,24.136,OK,24.136,22.363,22.363,1.7729999999999997,1.7729999999999997
1491,24.297,OK,24.297,22.365,22.365,1.9320000000000022,1.9320000000000022
1492,23.974,OK,23.974,22.367,22.367,1.6069999999999993,1.6069999999999993
1493,23.978,OK,23.978,22.368,22.368,1.610000000000003,1.610000000000003
1494,23.999,OK,23.999,22.37,22.37,1.6289999999999978,1.6289999999999978
1495,24.158,OK,24.158,22.371,22.371,1.7870000000000026,1.7870000000000026
1496,24.351,OK,24.351,22.373,22.373,1.977999999999998,1.977999999999998
1497,23.743,OK,23.743,22.375,22.375,1.3679999999999986,1.3679999999999986
1498,24.136,OK,24.136,22.376,22.376,1.759999999999998,1.759999999999998
1499,23.967,OK,23.967,22.378,22.378,1.5889999999999986,1.5889999999999986
1500,24.098,OK,24.098,23.18,23.18,0.9179999999999993,0.9179999999999993
1501,24.503,OK,24.503,23.182,23.182,1.3210000000000015,1.3210000000000015
1502,24.168,OK,24.168,23.184,23.184,0.9839999999999982,0.9839999999999982
1503,24.134,OK,24.134,23.186,23.186,0.9480000000000004,0.9480000000000004
1504,24.016,OK,24.016,23.188,23.188,0.8279999999999994,0.8279999999999994
1505,24.944,OK,24.944,23.19,23.19,1.7539999999999978,1.7539999999999978
1506,24.147,OK,24.147,23.193,23.193,0.9539999999999971,0.9539999999999971
1507,24.443,OK,24.443,23.195,23.195,1.248000000000001,1.248000000000001
1508,24.191,OK,24.191,23.197,23.197,0.9939999999999998,0.9939999999999998
1509,24.563,OK,24.563,23.2,23.2,1.3629999999999995,1.3629999999999995
1510,24.536,OK,24.536,23.202,23.202,1.3339999999999996,1.3339999999999996
1511,24.363,OK,24.363,23.205,23.205,1.1580000000000013,1.1580000000000013
1512,24.447,OK,24.447,23.207,23.207,1.2399999999999984,1.2399999999999984
1513,24.807,OK,24.807,23.21,23.21,1.5969999999999978,1.5969999999999978
1514,24.936,OK,24.936,23.212,23.212,1.7240000000000002,1.7240000000000002
1515,24.798,OK,24.798,23.215,23.215,1.5829999999999984,1.5829999999999984
1516,24.992,OK,24.992,23.218,23.218,1.774000000000001,1.774000000000001
1517,24.984,OK,24.984,23.221,23.221,1.7630000000000017,1.7630000000000017
1518,24.778,OK,24.778,23.224,23.224,1.5539999999999985,1.5539999999999985
1519,24.942,OK,24.942,23.227,23.227,1.7149999999999999,1.7149999999999999
1520,25.138,OK,25.138,23.23,23.23,1.9080000000000013,1.9080000000000013
1521,25.027,OK,25.027,23.233,23.233,1.7940000000000005,1.7940000000000005
1522,24.748,OK,24.748,23.236,23.236,1.5120000000000005,1.5120000000000005
1523,24.886,OK,24.886,23.239,23.239,1.6469999999999985,1.6469999999999985
1524,25.357,OK,25.357,23.242,23.242,2.1149999999999984,2.1149999999999984
1525,24.926,OK,24.926,23.245,23.245,1.6809999999999974,1.6809999999999974
1526,25.189,OK,25.189,23.248,23.248,1.940999999999999,1.940999999999999
1527,25.052,OK,25.052,23.252,23.252,1.8000000000000007,1.8000000000000007
1528,25.16,OK,25.16,23.255,23.255,1.9050000000000011,1.9050000000000011
1529,25.252,OK,25.252,23.259,23.259,1.9929999999999986,1.9929999999999986
1530,25.3,OK,25.3,23.262,23.262,2.0380000000000003,2.0380000000000003
1531,24.84,OK,24.84,23.266,23.266,1.5740000000000016,1.5740000000000016
1532,24.728,OK,24.728,23.269,23.269,1.4590000000000032,1.4590000000000032
1533,25.589,OK,25.589,23.273,23.273,2.315999999999999,2.315999999999999
1534,25.034,OK,25.034,23.276,23.276,1.7579999999999991,1.7579999999999991
1535,24.871,OK,24.871,23.28,23.28,1.5909999999999975,1.5909999999999975
1536,24.99,OK,24.99,23.284,23.284,1.7059999999999995,1.7059999999999995
1537,24.979,OK,24.979,23.288,23.288,1.690999999999999,1.690999999999999
1538,25.001,OK,25.001,23.291,23.291,1.7100000000000009,1.7100000000000009
1539,25.036,OK,25.036,23.295,23.295,1.7409999999999997,1.7409999999999997
1540,25.521,OK,25.521,23.299,23.299,2.2220000000000013,2.2220000000000013
1541,25.102,OK,25.102,23.303,23.303,1.7989999999999995,1.7989999999999995
1542,25.559,OK,25.559,23.307,23.307,2.2520000000000024,2.2520000000000024
1543,25.108,OK,25.108,23.311,23.311,1.7970000000000006,1.7970000000000006
1544,24.981,OK,24.981,23.315,23.315,1.6660000000000004,1.6660000000000004
1545,24.642,OK,24.642,23.319,23.319,1.3230000000000004,1.3230000000000004
1546,25.01,OK,25.01,23.324,23.324,1.686,1.686
1547,25.074,OK,25.074,23.328,23.328,1.7460000000000022,1.7460000000000022
1548,24.782,OK,24.782,23.332,23.332,1.4499999999999993,1.4499999999999993
1549,25.212,OK,25.212,23.336,23.336,1.8760000000000012,1.8760000000000012
1550,25.103,OK,25.103,23.341,23.341,1.7620000000000005,1.7620000000000005
1551,25.155,OK,25.155,23.345,23.345,1.8100000000000023,1.8100000000000023
1552,25.173,OK,25.173,23.349,23.349,1.823999999999998,1.823999999999998
1553,25.12,OK,25.12,23.354,23.354,1.7660000000000018,1.7660000000000018
1554,25.217,OK,25.217,23.358,23.358,1.8589999999999982,1.8589999999999982
1555,25.198,OK,25.198,23.363,23.363,1.8350000000000009,1.8350000000000009
1556,24.648,OK,24.648,23.367,23.367,1.2809999999999988,1.2809999999999988
1557,25.444,OK,25.444,23.372,23.372,2.071999999999999,2.071999999999999
1558,25.423,OK,25.423,23.376,23.376,2.046999999999997,2.046999999999997
1559,24.97,OK,24.97,23.381,23.381,1.5889999999999986,1.5889999999999986
1560,25.179,OK,25.179,23.386,23.386,1.7929999999999993,1.7929999999999993
1561,25.505,OK,25.505,23.39,23.39,2.1149999999999984,2.1149999999999984
1562,25.132,OK,25.132,23.395,23.395,1.7370000000000019,1.7370000000000019
1563,25.386,OK,25.386,23.4,23.4,1.9860000000000007,1.9860000000000007
1564,25.03,OK,25.03,23.404,23.404,1.6260000000000012,1.6260000000000012
1565,25.032,OK,25.032,23.409,23.409,1.623000000000001,1.623000000000001
1566,25.316,OK,25.316,23.414,23.414,1.9019999999999975,1.9019999999999975
1567,25.139,OK,25.139,23.419,23.419,1.7199999999999989,1.7199999999999989
1568,25.364,OK,25.364,23.424,23.424,1.9400000000000013,1.9400000000000013
1569,25.202,OK,25.202,23.429,23.429,1.7730000000000032,1.7730000000000032
1570,25.266,OK,25.266,23.434,23.434,1.8319999999999972,1.8319999999999972
1571,25.121,OK,25.121,23.438,23.438,1.6829999999999998,1.6829999999999998
1572,25.153,OK,25.153,23.443,23.443,1.7099999999999973,1.7099999999999973
1573,25.423,OK,25.423,23.448,23.448,1.9749999999999979,1.9749999999999979
1574,25.227,OK,25.227,23.453,23.453,1.774000000000001,1.774000000000001
1575,25.082,OK,25.082,23.458,23.458,1.6240000000000023,1.6240000000000023
1576,24.932,OK,24.932,23.463,23.463,1.4689999999999976,1.4689999999999976
1577,25.205,OK,25.205,23.468,23.468,1.7369999999999983,1.7369999999999983
1578,25.342,OK,25.342,23.474,23.474,1.8679999999999986,1.8679999999999986
1579,25.166,OK,25.166,23.479,23.479,1.6870000000000012,1.6870000000000012
1580,25.138,OK,25.138,23.484,23.484,1.654,1.654
1581,25.121,OK,25.121,23.489,23.489,1.631999999999998,1.631999999999998
1582,25.065,OK,25.065,23.494,23.494,1.5710000000000015,1.5710000000000015
1583,25.284,OK,25.284,23.499,23.499,1.7850000000000001,1.7850000000000001
1584,24.557,OK,24.557,23.504,23.504,1.0529999999999973,1.0529999999999973
1585,25.634,OK,25.634,23.509,23.509,2.125,2.125
1586,25.08,OK,25.08,23.515,23.515,1.5649999999999977,1.5649999999999977
1587,24.964,OK,24.964,23.52,23.52,1.443999999999999,1.443999999999999
1588,24.947,OK,24.947,23.525,23.525,1.4220000000000006,1.4220000000000006
1589,25.147,OK,25.147,23.53,23.53,1.6169999999999973,1.6169999999999973
1590,25.072,OK,25.072,23.536,23.536,1.5359999999999978,1.5359999999999978
1591,25.224,OK,25.224,23.541,23.541,1.6829999999999998,1.6829999999999998
1592,25.259,OK,25.259,23.546,23.546,1.713000000000001,1.713000000000001
1593,25.688,OK,25.688,23.551,23.551,2.1370000000000005,2.1370000000000005
1594,25.088,OK,25.088,23.557,23.557,1.5310000000000024,1.5310000000000024
1595,25.189,OK,25.189,23.562,23.562,1.626999999999999,1.626999999999999
1596,25.063,OK,25.063,23.567,23.567,1.4959999999999987,1.4959999999999987
1597,25.379,OK,25.379,23.572,23.572,1.8070000000000022,1.8070000000000022
1598,25.48,OK,25.48,23.578,23.578,1.902000000000001,1.902000000000001
1599,25.634,OK,25.634,23.583,23.583,2.051000000000002,2.051000000000002
1600,24.888,OK,24.888,23.588,23.588,1.3000000000000007,1.3000000000000007
1601,25.509,OK,25.509,23.594,23.594,1.9149999999999991,1.9149999999999991
1602,25.567,OK,25.567,23.599,23.599,1.968,1.968
1603,25.64,OK,25.64,23.604,23.604,2.0360000000000014,2.0360000000000014
1604,25.073,OK,25.073,23.609,23.609,1.4639999999999986,1.4639999999999986
1605,25.376,OK,25.376,23.615,23.615,1.7610000000000028,1.7610000000000028
1606,25.524,OK,25.524,23.62,23.62,1.904,1.904
1607,25.501,OK,25.501,23.625,23.625,1.8760000000000012,1.8760000000000012
1608,25.171,OK,25.171,23.631,23.631,1.5399999999999991,1.5399999999999991
1609,25.352,OK,25.352,23.636,23.636,1.716000000000001,1.716000000000001
1610,25.092,OK,25.092,23.641,23.641,1.4510000000000005,1.4510000000000005
1611,25.374,OK,25.374,23.646,23.646,1.727999999999998,1.727999999999998
1612,25.433,OK,25.433,23.652,23.652,1.7809999999999988,1.7809999999999988
1613,25.609,OK,25.609,23.657,23.657,1.9520000000000017,1.9520000000000017
1614,25.487,OK,25.487,23.662,23.662,1.8249999999999993,1.8249999999999993
1615,25.283,OK,25.283,23.667,23.667,1.6159999999999997,1.6159999999999997
1616,25.508,OK,25.508,23.673,23.673,1.8350000000000009,1.8350000000000009
1617,25.472,OK,25.472,23.678,23.678,1.7940000000000005,1.7940000000000005
1618,25.42,OK,25.42,23.683,23.683,1.7370000000000019,1.7370000000000019
1619,25.483,OK,25.483,23.688,23.688,1.7950000000000017,1.7950000000000017
1620,25.262,OK,25.262,23.693,23.693,1.568999999999999,1.568999999999999
1621,25.261,OK,25.261,23.699,23.699,1.5619999999999976,1.5619999999999976
1622,25.276,OK,25.276,23.704,23.704,1.5719999999999992,1.5719999999999992
1623,25.448,OK,25.448,23.709,23.709,1.7390000000000008,1.7390000000000008
1624,25.372,OK,25.372,23.714,23.714,1.6580000000000013,1.6580000000000013
1625,25.425,OK,25.425,23.719,23.719,1.7059999999999995,1.7059999999999995
1626,25.632,OK,25.632,23.724,23.724,1.9080000000000013,1.9080000000000013
1627,25.559,OK,25.559,23.729,23.729,1.8300000000000018,1.8300000000000018
1628,25.312,OK,25.312,23.734,23.734,1.5779999999999994,1.5779999999999994
1629,25.182,OK,25.182,23.739,23.739,1.4429999999999978,1.4429999999999978
1630,25.315,OK,25.315,23.745,23.745,1.5700000000000003,1.5700000000000003
1631,25.43,OK,25.43,23.75,23.75,1.6799999999999997,1.6799999999999997
1632,26.085,OK,26.085,23.754,23.754,2.3309999999999995,2.3309999999999995
1633,25.51,OK,25.51,23.759,23.759,1.7510000000000012,1.7510000000000012
1634,25.541,OK,25.541,23.764,23.764,1.777000000000001,1.777000000000001
1635,25.399,OK,25.399,23.769,23.769,1.6300000000000026,1.6300000000000026
1636,25.403,OK,25.403,23.774,23.774,1.6289999999999978,1.6289999999999978
1637,26.129,OK,26.129,23.779,23.779,2.3500000000000014,2.3500000000000014
1638,25.614,OK,25.614,23.784,23.784,1.8300000000000018,1.8300000000000018
1639,25.447,OK,25.447,23.789,23.789,1.6579999999999977,1.6579999999999977
1640,25.59,OK,25.59,23.794,23.794,1.7959999999999994,1.7959999999999994
1641,25.779,OK,25.779,23.798,23.798,1.9810000000000016,1.9810000000000016
1642,25.851,OK,25.851,23.803,23.803,2.0479999999999983,2.0479999999999983
1643,25.463,OK,25.463,23.808,23.808,1.6550000000000011,1.6550000000000011
1644,25.522,OK,25.522,23.812,23.812,1.7099999999999973,1.7099999999999973
1645,25.601,OK,25.601,23.817,23.817,1.783999999999999,1.783999999999999
1646,25.132,OK,25.132,23.822,23.822,1.3100000000000023,1.3100000000000023
1647,25.62,OK,25.62,23.826,23.826,1.7940000000000005,1.7940000000000005
1648,25.705,OK,25.705,23.831,23.831,1.8739999999999988,1.8739999999999988
1649,25.713,OK,25.713,23.835,23.835,1.8780000000000001,1.8780000000000001
1650,25.25,OK,25.25,23.84,23.84,1.4100000000000001,1.4100000000000001
1651,25.438,OK,25.438,23.844,23.844,1.5939999999999976,1.5939999999999976
1652,25.65,OK,25.65,23.849,23.849,1.8009999999999984,1.8009999999999984
1653,25.591,OK,25.591,23.853,23.853,1.7379999999999995,1.7379999999999995
1654,25.771,OK,25.771,23.858,23.858,1.9130000000000003,1.9130000000000003
1655,25.285,OK,25.285,23.862,23.862,1.4230000000000018,1.4230000000000018
1656,25.202,OK,25.202,23.866,23.866,1.336000000000002,1.336000000000002
1657,25.59,OK,25.59,23.87,23.87,1.7199999999999989,1.7199999999999989
1658,25.821,OK,25.821,23.875,23.875,1.9460000000000015,1.9460000000000015
1659,25.747,OK,25.747,23.879,23.879,1.8679999999999986,1.8679999999999986
1662,25.829,OK,25.829,23.891,23.891,1.9380000000000024,1.9380000000000024
1663,25.446,OK,25.446,23.895,23.895,1.551000000000002,1.551000000000002
1664,25.624,OK,25.624,23.899,23.899,1.7249999999999979,1.7249999999999979
1665,25.725,OK,25.725,23.903,23.903,1.8220000000000027,1.8220000000000027
1666,25.255,OK,25.255,23.907,23.907,1.347999999999999,1.347999999999999
1667,25.926,OK,25.926,23.911,23.911,2.014999999999997,2.014999999999997
1668,25.6,OK,25.6,23.915,23.915,1.6850000000000023,1.6850000000000023
1669,25.385,OK,25.385,23.918,23.918,1.4670000000000023,1.4670000000000023
1670,25.924,OK,25.924,23.922,23.922,2.001999999999999,2.001999999999999
1671,25.623,OK,25.623,23.926,23.926,1.6970000000000027,1.6970000000000027
1672,25.195,OK,25.195,23.929,23.929,1.2660000000000018,1.2660000000000018
1673,25.952,OK,25.952,23.933,23.933,2.019000000000002,2.019000000000002
1674,25.761,OK,25.761,23.936,23.936,1.8249999999999993,1.8249999999999993
1675,25.946,OK,25.946,23.94,23.94,2.0060000000000002,2.0060000000000002
1676,25.907,OK,25.907,23.943,23.943,1.9639999999999986,1.9639999999999986
1677,26.088,OK,26.088,23.947,23.947,2.141000000000002,2.141000000000002
1678,25.781,OK,25.781,23.95,23.95,1.8309999999999995,1.8309999999999995
1679,25.792,OK,25.792,23.953,23.953,1.8390000000000022,1.8390000000000022
1680,25.757,OK,25.757,23.957,23.957,1.8000000000000007,1.8000000000000007
1681,25.349,OK,25.349,23.96,23.96,1.3889999999999993,1.3889999999999993
1682,25.33,OK,25.33,23.963,23.963,1.3669999999999973,1.3669999999999973
1683,25.366,OK,25.366,23.966,23.966,1.3999999999999986,1.3999999999999986
1684,25.708,OK,25.708,23.969,23.969,1.7389999999999972,1.7389999999999972
1685,25.749,OK,25.749,23.972,23.972,1.7769999999999975,1.7769999999999975
1686,25.345,OK,25.345,23.975,23.975,1.3699999999999974,1.3699999999999974
1687,25.854,OK,25.854,23.978,23.978,1.8759999999999977,1.8759999999999977
1688,25.56,OK,25.56,23.981,23.981,1.578999999999997,1.578999999999997
1689,25.194,OK,25.194,23.984,23.984,1.2099999999999973,1.2099999999999973
1690,25.829,OK,25.829,23.986,23.986,1.843,1.843
1691,25.598,OK,25.598,23.989,23.989,1.6089999999999982,1.6089999999999982
1692,25.717,OK,25.717,23.992,23.992,1.7249999999999979,1.7249999999999979
1693,26.116,OK,26.116,23.994,23.994,2.122,2.122
1694,25.717,OK,25.717,23.997,23.997,1.7199999999999989,1.7199999999999989
1695,25.772,OK,25.772,23.999,23.999,1.7729999999999997,1.7729999999999997
1696,26.045,OK,26.045,24.002,24.002,2.043000000000003,2.043000000000003
1697,25.734,OK,25.734,24.004,24.004,1.7300000000000004,1.7300000000000004
1698,25.761,OK,25.761,24.006,24.006,1.754999999999999,1.754999999999999
1699,25.841,OK,25.841,24.009,24.009,1.8320000000000007,1.8320000000000007
1700,25.673,OK,25.673,24.011,24.011,1.661999999999999,1.661999999999999
1701,25.648,OK,25.648,24.013,24.013,1.634999999999998,1.634999999999998
1702,25.841,OK,25.841,24.015,24.015,1.8260000000000005,1.8260000000000005
1703,25.764,OK,25.764,24.017,24.017,1.7469999999999999,1.7469999999999999
1704,25.657,OK,25.657,24.019,24.019,1.6380000000000017,1.6380000000000017
1705,25.821,OK,25.821,24.021,24.021,1.8000000000000007,1.8000000000000007
1706,25.502,OK,25.502,24.023,24.023,1.4789999999999992,1.4789999999999992
1707,25.846,OK,25.846,24.025,24.025,1.8210000000000015,1.8210000000000015
1708,25.897,OK,25.897,24.026,24.026,1.8709999999999987,1.8709999999999987
1709,25.704,OK,25.704,24.028,24.028,1.676000000000002,1.676000000000002
1710,25.951,OK,25.951,24.03,24.03,1.9209999999999994,1.9209999999999994
1711,25.813,OK,25.813,24.031,24.031,1.782,1.782
1712,25.843,OK,25.843,24.033,24.033,1.8099999999999987,1.8099999999999987
1713,25.598,OK,25.598,24.034,24.034,1.564,1.564
1714,25.721,OK,25.721,24.035,24.035,1.686,1.686
1715,25.601,OK,25.601,24.037,24.037,1.564,1.564
1716,25.748,OK,25.748,24.038,24.038,1.7100000000000009,1.7100000000000009
1717,26.414,OK,26.414,24.039,24.039,2.375,2.375
1718,25.726,OK,25.726,24.04,24.04,1.686,1.686
1719,25.884,OK,25.884,24.041,24.041,1.843,1.843
1720,25.779,OK,25.779,24.042,24.042,1.7369999999999983,1.7369999999999983
1721,26.078,OK,26.078,24.043,24.043,2.035,2.035
1722,25.542,OK,25.542,24.044,24.044,1.498000000000001,1.498000000000001
1723,25.841,OK,25.841,24.045,24.045,1.7959999999999994,1.7959999999999994
1724,25.593,OK,25.593,24.046,24.046,1.5470000000000006,1.5470000000000006
1725,26.012,OK,26.012,24.046,24.046,1.966000000000001,1.966000000000001
1726,25.904,OK,25.904,24.047,24.047,1.8569999999999993,1.8569999999999993
1727,25.951,OK,25.951,24.048,24.048,1.9030000000000022,1.9030000000000022
1728,25.977,OK,25.977,24.048,24.048,1.929000000000002,1.929000000000002
1729,25.561,OK,25.561,24.049,24.049,1.5120000000000005,1.5120000000000005
1730,25.499,OK,25.499,24.049,24.049,1.4499999999999993,1.4499999999999993
1731,26.094,OK,26.094,24.049,24.049,2.0450000000000017,2.0450000000000017
1732,25.785,OK,25.785,24.05,24.05,1.7349999999999994,1.7349999999999994
1733,25.875,OK,25.875,24.05,24.05,1.8249999999999993,1.8249999999999993
1734,25.864,OK,25.864,24.05,24.05,1.814,1.814
1741,25.921,OK,25.921,24.049,24.049,1.8719999999999999,1.8719999999999999
1742,25.891,OK,25.891,24.049,24.049,1.8419999999999987,1.8419999999999987
1743,25.851,OK,25.851,24.048,24.048,1.8030000000000008,1.8030000000000008
1744,25.64,OK,25.64,24.048,24.048,1.5920000000000023,1.5920000000000023
1745,25.72,OK,25.72,24.047,24.047,1.6729999999999983,1.6729999999999983
1746,25.809,OK,25.809,24.047,24.047,1.7620000000000005,1.7620000000000005
1747,25.468,OK,25.468,24.046,24.046,1.4220000000000006,1.4220000000000006
1748,26.139,OK,26.139,24.045,24.045,2.0939999999999976,2.0939999999999976
1749,25.444,OK,25.444,24.045,24.045,1.3989999999999974,1.3989999999999974
1750,26.262,OK,26.262,24.044,24.044,2.218,2.218
1751,25.618,OK,25.618,24.043,24.043,1.5749999999999993,1.5749999999999993
1752,25.505,OK,25.505,24.042,24.042,1.4629999999999974,1.4629999999999974
1753,25.826,OK,25.826,24.041,24.041,1.7850000000000001,1.7850000000000001
1754,25.877,OK,25.877,24.04,24.04,1.8369999999999997,1.8369999999999997
1755,25.702,OK,25.702,24.038,24.038,1.6640000000000015,1.6640000000000015
1756,25.9,OK,25.9,24.037,24.037,1.8629999999999995,1.8629999999999995
1757,25.955,OK,25.955,24.036,24.036,1.918999999999997,1.918999999999997
1758,25.642,OK,25.642,24.035,24.035,1.6069999999999993,1.6069999999999993
1759,25.912,OK,25.912,24.033,24.033,1.8789999999999978,1.8789999999999978
1760,25.797,OK,25.797,24.032,24.032,1.7650000000000006,1.7650000000000006
1761,25.469,OK,25.469,24.03,24.03,1.439,1.439
1762,25.618,OK,25.618,24.029,24.029,1.5889999999999986,1.5889999999999986
1763,25.832,OK,25.832,24.027,24.027,1.8049999999999997,1.8049999999999997
1764,26.094,OK,26.094,24.025,24.025,2.0690000000000026,2.0690000000000026
1765,25.928,OK,25.928,24.024,24.024,1.904,1.904
1766,25.421,OK,25.421,24.022,24.022,1.399000000000001,1.399000000000001
1767,25.776,OK,25.776,24.02,24.02,1.7560000000000002,1.7560000000000002
1768,25.654,OK,25.654,24.018,24.018,1.6359999999999992,1.6359999999999992
1769,25.326,OK,25.326,24.016,24.016,1.3100000000000023,1.3100000000000023
1770,25.622,OK,25.622,24.014,24.014,1.6080000000000005,1.6080000000000005
1771,26.007,OK,26.007,24.012,24.012,1.995000000000001,1.995000000000001
1772,25.683,OK,25.683,24.01,24.01,1.6729999999999983,1.6729999999999983
1773,25.808,OK,25.808,24.007,24.007,1.8009999999999984,1.8009999999999984
1774,26.055,OK,26.055,24.005,24.005,2.0500000000000007,2.0500000000000007
1775,25.887,OK,25.887,24.003,24.003,1.8840000000000003,1.8840000000000003
1776,25.778,OK,25.778,24.0,24.0,1.7779999999999987,1.7779999999999987
1777,25.982,OK,25.982,23.998,23.998,1.9839999999999982,1.9839999999999982
1778,25.622,OK,25.622,23.995,23.995,1.626999999999999,1.626999999999999
1779,25.482,OK,25.482,23.993,23.993,1.4890000000000008,1.4890000000000008
1780,25.787,OK,25.787,23.99,23.99,1.7970000000000006,1.7970000000000006
1781,25.937,OK,25.937,23.988,23.988,1.9490000000000016,1.9490000000000016
1782,25.617,OK,25.617,23.985,23.985,1.6320000000000014,1.6320000000000014
1783,25.637,OK,25.637,23.982,23.982,1.6550000000000011,1.6550000000000011
1784,26.057,OK,26.057,23.979,23.979,2.0779999999999994,2.0779999999999994
1785,25.769,OK,25.769,23.976,23.976,1.7929999999999993,1.7929999999999993
1786,25.465,OK,25.465,23.974,23.974,1.4909999999999997,1.4909999999999997
1787,26.35,OK,26.35,23.971,23.971,2.3790000000000013,2.3790000000000013
1788,25.842,OK,25.842,23.968,23.968,1.8739999999999988,1.8739999999999988
1789,25.808,OK,25.808,23.964,23.964,1.8440000000000012,1.8440000000000012
1790,25.816,OK,25.816,23.961,23.961,1.8550000000000004,1.8550000000000004
1791,25.585,OK,25.585,23.958,23.958,1.6270000000000024,1.6270000000000024
1792,25.787,OK,25.787,23.955,23.955,1.8320000000000007,1.8320000000000007
1793,25.368,OK,25.368,23.952,23.952,1.4159999999999968,1.4159999999999968
1794,25.491,OK,25.491,23.948,23.948,1.5429999999999993,1.5429999999999993
1795,25.637,OK,25.637,23.945,23.945,1.6920000000000002,1.6920000000000002
1796,25.308,OK,25.308,23.942,23.942,1.3659999999999997,1.3659999999999997
1797,26.116,OK,26.116,23.938,23.938,2.178000000000001,2.178000000000001
1798,25.727,OK,25.727,23.935,23.935,1.7920000000000016,1.7920000000000016
1799,25.462,OK,25.462,23.931,23.931,1.5309999999999988,1.5309999999999988
1800,25.622,OK,25.622,23.927,23.927,1.6950000000000003,1.6950000000000003
